[{"title":"50 Dicas para o uso da Crase","author":"Dad Squarisi","description":"Ocorre ou não ocorre crase antes deste ou daquele pronome demonstrativo? Bife a cavalo ou bife à cavalo? A distância ou à distância? Essas dúvidas estão sempre em sua cabeça? Não se preocupe, acontece com muita gente e este e-book foi feito para te ajudar. Dad Squarisi confirma nesta obra que, como já disse Ferreira Gullar, a crase não foi feita para humilhar ninguém. As dúvidas sobre o acento grave serão extraídas sem dor, através de capítulos recheados de exemplos bem-humorados e práticos, além de macetes que vieram para aliviar e facilitar o entendimento acerca dessa questão. Aqui você perceberá que a crase não é o bicho de sete cabeças que pintam e ficará preparado para entrar no time que não se amedronta diante do a ou à. Aproveite as dicas e não escorregue. ","kind":"book","edition":1,"coverImageUrl":"https://covers.vitalbook.com/vbid/9786587958323/width/480","publisher":"Grupo GEN","publishDate":"202104","uuid":"7bce06a5-3487-4823-b18f-f2c183c3c123"},{"title":"50 Dicas para o uso da Pontuação","author":"Dad Squarisi","description":"Sabemos que pontuar um texto é importante para sua fluidez e correção, além de ser um importantíssimo recurso estilístico capaz de tornar a mensagem sedutora para qualquer leitor. Mas, muitas vezes, também é motivo de medo e dúvida para quem escreve.Nesta obra, Dad Squarisi vai iluminar seus pensamentos e exterminar o medo acerca do uso da pontuação. Através de exemplos esclarecedores e divertidos, e com linguagem simples e acessível, o e-book veio para auxiliar seus estudos e responder a indagações como ´Será que aqui entra uma vírgula ou cabe um travessão?´, ´O ponto final vai dentro das aspas ou fora?´, ´Depois dos dois-pontos uso letra maiúscula ou minúscula?´. Você se identificou com alguma pergunta? Não se preocupe, vamos acabar de uma vez por todas com essa dificuldade. Prepare-se para conhecer as manhas e artimanhas da pontuação.","kind":"book","edition":1,"coverImageUrl":"https://covers.vitalbook.com/vbid/9786587958330/width/480","publisher":"Grupo GEN","publishDate":"202104","uuid":"d4004a07-c214-4dd1-9e32-81c84113c077"},{"title":"30 Anos da CF e o Direito Brasileiro","author":"Guilherme Peña de Moraes","description":"A Constituição Federal de 1988 modelou o Direito brasileiro, adequando-o ao novo patamar de direitos fundamentais e à racionalização da limitação do poder. O que ocorreu por meio do fenômeno da constitucionalização dos microssistemas jurídicos de duas formas. Na primeira, incluiu temas no texto constitucional que até então eram exclusivamente disciplinados na legislação ordinária ou mesmo ignorados; na segunda, permitiu a alteração da aplicação do direito com a releitura feita pelos tribunais brasileiros, transformando o Direito conforme os desafios apresentados pela complexidade fática, observando a necessidade de proteger os direitos fundamentais contra retrocessos.\nDiante desse fenômeno, mais evidente ao se aproximar da comemoração do 30º aniversário, apresentamos aos leitores esta obra. Nela, cada área do Direito é analisada na perspectiva de sua constitucionalização, das mudanças e transformações que a Constituição propiciou, dos avanços conquistados em matéria de tutela dos direitos fundamentais e daquilo que ainda há para se avançar.\n\n\n\n","kind":"book","edition":0,"coverImageUrl":"https://covers.vitalbook.com/vbid/9788530982379/width/480","publisher":"Grupo GEN","publishDate":"201809","uuid":"6978935f-f023-444a-96ca-6e36fa4952b7"},{"title":"30 Anos da Constituição Brasileira-Democracia, Direitos Fundamentais e Instituições","author":"José Antonio Dias Toffoli","description":"“A Constituição Brasileira de 1988 é, inequivocamente, o resultado do movimento civil e popular, iniciado em 1983, pela realização de eleições presidenciais diretas no Brasil, o memorável ‘Diretas Já’. Embora a proposta de emenda à Constituição que visava implementá-las tenha sido rejeitada, o movimento, lato sensu, colheu duas grandes vitórias: a eleição, ainda que indireta, de um presidente civil e a instalação da Assembleia Nacional Constituinte, presidida pelo saudoso deputado Ulysses Guimarães.\n\n\n\n\n\nO árduo processo constituinte congregou, pela primeira vez na história do país, todos os seguimentos da sociedade, dando corpo a um pacto social, político e econômico de coalisão. É sintomático, portanto, que a Constituição tenha-se conformado em um texto analítico e rico no detalhamento dos direitos fundamentais, na medida em que acabou por incorporar uma diversidade de anseios democráticos – antigos e novos.\n\n\n\n\n\n(...)\n\n\n\n\n\nÉ, desse modo, com muita satisfação, que apresento esta obra comemorativa, a qual agrega temas essenciais para o progresso e o bom funcionamento de nosso país. Seu destinatário, como não poderia deixar de ser, é o cidadão brasileiro.\n\n\n\n\n\nA amplitude e a profundidade com que os temas foram tratados neste livro por eminentes autoridades – juristas, políticos, cientistas e atores do sistema de Justiça – serão de grande valia neste momento de mudanças no cenário nacional. Os importantes testemunhos da construção de nossa Carta presentes nesta coletânea certamente levarão o leitor a refletir e quiçá a colaborar para lapidarmos as bases da democracia que todos nós esperamos: cada vez mais sólida, justa e igualitária.”\n\n\n\n\n\nTrecho extraído da Apresentação do Ministro José Antonio DIAS TOFFOLI\n\n\n\nAcompanhe as nossas publicações, cadastre-se e receba as informaçõespor e-mail (Clique aqui!)\n\n\n\n","kind":"book","edition":0,"coverImageUrl":"https://covers.vitalbook.com/vbid/9788530982393/width/480","publisher":"Grupo GEN","publishDate":"201808","uuid":"e8ecd7e5-fe90-467b-9a30-cac6c439d34f"},{"title":"30 Anos da CF em 30 Julgamentos - Uma Radiografia do STF","author":"Lenio Luiz Streck","description":"Este novo livro de Lenio Streck é uma radiografia da Suprema Corte brasileira. Um precioso trabalho de pesquisa que busca demonstrar à comunidade jurídica o comportamento do Supremo Tribunal Federal nestas primeiras três décadas.\nSe reuníssemos dez constitucionalistas para que indicassem os trinta mais importantes julgamentos do Supremo Tribunal nesse período, provavelmente, citariam julgados que não coincidem com os indicados na obra. Afinal, em um Tribunal com mais de cinco mil ações diretas de inconstitucionalidade, mais de cinquenta ações declaratórias de constitucionalidade e mais de quinhentas arguições de descumprimento de preceito fundamental, afora os importantíssimos writs constitucionais examinados no período, é fácil perceber que os julgamentos atingem os mais “recônditos” temas da ossatura constitucional do país. No entanto, é provável que ao menos metade dos julgamentos escolhidos pelo Professor Lenio Streck para a composição desta obra se faça presente no rol dos unanimemente mais relevantes dos 30 anos da Constituição.\nTemas como cotas raciais, aborto, presunção da inocência, precatórios, uso de algemas e foro por prerrogativa de função compõem uma espécie de núcleo duro do constitucionalismo e da jurisdição constitucional do Brasil no aniversário de 30 anos de nossa Lei Maior.\nEvidentemente, levando em consideração toda a trajetória teórica do autor, o livro traz a análise à luz da vertente por ele construída: a Crítica Hermenêutica do Direito. Nesse contexto, a crítica às decisões ativistas assume especial relevância, atravessando a obra do começo ao fim – sem esquecer da rica Introdução, que reconstrói toda a história institucional do constitucionalismo brasileiro a partir de 1988, mostrando as sístoles e diástoles do modo de interpretar e aplicar da Suprema Corte.\n\n","kind":"book","edition":0,"coverImageUrl":"https://covers.vitalbook.com/vbid/9788530981815/width/480","publisher":"Grupo GEN","publishDate":"201807","uuid":"e15c4736-d4e2-4a41-8005-5bf1711f001b"}]