{"aadd":{"username":"aadd","senha":"1133","grupoDeLivros":{"usuarioId":"aadd","listas":{"FAVORITOS":[{"title":"30 Anos da CF e o Direito Brasileiro","author":"Guilherme Peña de Moraes","description":"A Constituição Federal de 1988 modelou o Direito brasileiro, adequando-o ao novo patamar de direitos fundamentais e à racionalização da limitação do poder. O que ocorreu por meio do fenômeno da constitucionalização dos microssistemas jurídicos de duas formas. Na primeira, incluiu temas no texto constitucional que até então eram exclusivamente disciplinados na legislação ordinária ou mesmo ignorados; na segunda, permitiu a alteração da aplicação do direito com a releitura feita pelos tribunais brasileiros, transformando o Direito conforme os desafios apresentados pela complexidade fática, observando a necessidade de proteger os direitos fundamentais contra retrocessos.\nDiante desse fenômeno, mais evidente ao se aproximar da comemoração do 30º aniversário, apresentamos aos leitores esta obra. Nela, cada área do Direito é analisada na perspectiva de sua constitucionalização, das mudanças e transformações que a Constituição propiciou, dos avanços conquistados em matéria de tutela dos direitos fundamentais e daquilo que ainda há para se avançar.\n\n\n\n","kind":"book","edition":0,"coverImageUrl":"https://covers.vitalbook.com/vbid/9788530982379/width/480","publisher":"Grupo GEN","publishDate":"201809","uuid":"6978935f-f023-444a-96ca-6e36fa4952b7"},{"title":"30 Anos da CF e o Direito Brasileiro","author":"Guilherme Peña de Moraes","description":"A Constituição Federal de 1988 modelou o Direito brasileiro, adequando-o ao novo patamar de direitos fundamentais e à racionalização da limitação do poder. O que ocorreu por meio do fenômeno da constitucionalização dos microssistemas jurídicos de duas formas. Na primeira, incluiu temas no texto constitucional que até então eram exclusivamente disciplinados na legislação ordinária ou mesmo ignorados; na segunda, permitiu a alteração da aplicação do direito com a releitura feita pelos tribunais brasileiros, transformando o Direito conforme os desafios apresentados pela complexidade fática, observando a necessidade de proteger os direitos fundamentais contra retrocessos.\nDiante desse fenômeno, mais evidente ao se aproximar da comemoração do 30º aniversário, apresentamos aos leitores esta obra. Nela, cada área do Direito é analisada na perspectiva de sua constitucionalização, das mudanças e transformações que a Constituição propiciou, dos avanços conquistados em matéria de tutela dos direitos fundamentais e daquilo que ainda há para se avançar.\n\n\n\n","kind":"book","edition":0,"coverImageUrl":"https://covers.vitalbook.com/vbid/9788530982379/width/480","publisher":"Grupo GEN","publishDate":"201809","uuid":"6978935f-f023-444a-96ca-6e36fa4952b7"}]}}},"gabriel":{"username":"gabriel","senha":"1","grupoDeLivros":{"usuarioId":"gabriel","listas":{"FAVORITOS":[]}}}}