SEXO,IMC,ALTURA,ALUNO,IDADE
HOMEM,29.317891575561532,1.9,INICIANTE,42
HOMEM,32.191886332543426,1.7,INICIANTE,30
HOMEM,27.59357425420354,1.9,INICIANTE,23
HOMEM,22.518725422558816,1.88,AVANCADO,53
HOMEM,28.33656512069074,1.77,INICIANTE,20
HOMEM,32.291680917715205,1.74,INTERMEDIARIO,40
HOMEM,29.096118022630733,1.85,INTERMEDIARIO,44
HOMEM,20.056884022110594,1.76,INTERMEDIARIO,38
HOMEM,32.03188713420135,1.85,INICIANTE,58
HOMEM,32.29904627076337,1.68,INTERMEDIARIO,25
HOMEM,23.96863314002027,1.76,INTERMEDIARIO,51
HOMEM,26.69226385112197,1.81,INTERMEDIARIO,40
HOMEM,31.647549400958898,1.92,INTERMEDIARIO,22
HOMEM,25.353623741811578,1.67,INTERMEDIARIO,16
HOMEM,24.37513983343086,1.85,INTERMEDIARIO,57
HOMEM,29.462966743567858,1.82,INTERMEDIARIO,51
HOMEM,32.33677395144207,1.85,INTERMEDIARIO,57
HOMEM,19.213669006250505,1.71,INICIANTE,51
HOMEM,31.108788362817133,1.71,INTERMEDIARIO,35
HOMEM,22.184607958050805,1.7,INTERMEDIARIO,28
HOMEM,24.437721737822137,1.84,INICIANTE,19
HOMEM,32.227676920842576,1.73,INTERMEDIARIO,44
HOMEM,24.97203475284892,1.68,INTERMEDIARIO,19
HOMEM,29.714410305941183,1.74,INTERMEDIARIO,26
HOMEM,25.34952006817425,1.75,INTERMEDIARIO,32
HOMEM,21.124943216215943,1.92,INICIANTE,43
HOMEM,28.988627945113798,1.68,INTERMEDIARIO,42
HOMEM,27.76811381500398,1.74,INICIANTE,35
HOMEM,26.62686343506843,1.78,INTERMEDIARIO,32
HOMEM,26.870203254806817,1.82,INTERMEDIARIO,57
HOMEM,23.04465527499359,1.79,INICIANTE,60
HOMEM,28.77531739981153,1.81,INTERMEDIARIO,52
HOMEM,29.435902778901397,1.67,INTERMEDIARIO,22
HOMEM,25.641186048560293,1.74,INICIANTE,30
HOMEM,32.71329841530917,1.9,INICIANTE,54
HOMEM,24.744540393076257,1.75,INICIANTE,31
HOMEM,32.283555571913304,1.68,INICIANTE,25
HOMEM,27.28742014340095,1.78,INTERMEDIARIO,52
HOMEM,32.580780907212116,1.76,AVANCADO,36
HOMEM,30.717151944299918,1.72,AVANCADO,51
HOMEM,23.636273734804583,1.79,INTERMEDIARIO,33
HOMEM,32.791910720714036,1.8,INTERMEDIARIO,47
HOMEM,24.379203154110954,1.87,INTERMEDIARIO,37
HOMEM,26.17032188652458,1.91,INICIANTE,26
HOMEM,29.4080062052298,1.89,INTERMEDIARIO,41
HOMEM,26.314863939259656,1.69,INTERMEDIARIO,47
HOMEM,22.398331304033476,1.87,AVANCADO,27
HOMEM,28.742809481062793,1.75,INTERMEDIARIO,51
HOMEM,28.630666870384296,1.68,INTERMEDIARIO,56
HOMEM,24.07677110494993,1.68,INTERMEDIARIO,49
HOMEM,20.60366598848254,1.75,AVANCADO,45
HOMEM,20.943639012226875,1.9,INICIANTE,28
HOMEM,24.266382509759257,1.82,AVANCADO,50
HOMEM,31.347497488385407,1.7,INTERMEDIARIO,50
HOMEM,28.7433039926384,1.83,INTERMEDIARIO,36
HOMEM,31.375335538949876,1.8,INTERMEDIARIO,23
HOMEM,20.09501164328174,1.69,INICIANTE,34
HOMEM,32.95606900249081,1.85,INICIANTE,28
HOMEM,24.25403271835271,1.91,INTERMEDIARIO,57
HOMEM,21.221643344044924,1.77,AVANCADO,25
HOMEM,31.462140764006474,1.89,INTERMEDIARIO,40
HOMEM,19.884326509390256,1.88,INTERMEDIARIO,34
HOMEM,25.460522621324053,1.71,INICIANTE,45
HOMEM,32.26231724436554,1.72,INTERMEDIARIO,56
HOMEM,29.60620908163552,1.78,INTERMEDIARIO,31
HOMEM,22.652939340090217,1.88,INTERMEDIARIO,32
HOMEM,32.47880435079707,1.91,AVANCADO,47
HOMEM,32.20401755587617,1.78,INICIANTE,55
HOMEM,30.14440302172313,1.8,AVANCADO,58
HOMEM,32.41798269725846,1.75,AVANCADO,24
HOMEM,31.40573434198447,1.79,AVANCADO,51
HOMEM,31.152309967974862,1.73,INTERMEDIARIO,45
HOMEM,19.86144252163796,1.9,AVANCADO,54
HOMEM,32.33076193412335,1.93,INTERMEDIARIO,49
HOMEM,29.526238383408952,1.79,INTERMEDIARIO,47
HOMEM,20.08531280338332,1.87,AVANCADO,51
HOMEM,31.133004609008083,1.93,INTERMEDIARIO,50
HOMEM,28.712946615095458,1.87,INICIANTE,51
HOMEM,25.208513035419234,1.82,INTERMEDIARIO,34
HOMEM,27.69511478033106,1.75,INTERMEDIARIO,53
HOMEM,20.200855112017653,1.68,INICIANTE,25
HOMEM,32.32414430119306,1.81,AVANCADO,32
HOMEM,23.148829314619608,1.84,INTERMEDIARIO,55
HOMEM,27.994104649651014,1.78,INICIANTE,56
HOMEM,22.830056919243948,1.85,INTERMEDIARIO,24
HOMEM,27.093344488670493,1.79,INTERMEDIARIO,26
HOMEM,32.776723700862334,1.86,INICIANTE,34
HOMEM,19.211057745577538,1.72,AVANCADO,32
HOMEM,19.400143348321492,1.84,AVANCADO,38
HOMEM,24.207348521318206,1.8,INTERMEDIARIO,56
HOMEM,24.1248967003578,1.76,INTERMEDIARIO,22
HOMEM,19.46234684578823,1.8,INTERMEDIARIO,59
HOMEM,22.965512318496476,1.77,INTERMEDIARIO,36
HOMEM,23.514021487981037,1.82,INICIANTE,45
HOMEM,27.197592318301457,1.85,INICIANTE,44
HOMEM,29.739652298165517,1.75,INICIANTE,32
HOMEM,30.507378418701684,1.77,AVANCADO,38
HOMEM,32.973095026738115,1.89,INICIANTE,59
HOMEM,26.228535160325805,1.77,INICIANTE,42
HOMEM,27.363829265092214,1.71,INTERMEDIARIO,41
HOMEM,31.09003973008396,1.8,INICIANTE,39
HOMEM,23.120039181040966,1.72,INTERMEDIARIO,29
HOMEM,22.504828758427358,1.75,INTERMEDIARIO,60
HOMEM,19.999237181202783,1.82,INTERMEDIARIO,39
HOMEM,27.596080585588663,1.84,INTERMEDIARIO,51
HOMEM,28.26768800371068,1.7,INICIANTE,33
HOMEM,27.34898847074063,1.79,INICIANTE,23
HOMEM,27.889173190251388,1.88,INTERMEDIARIO,33
HOMEM,20.236209837206584,1.68,INTERMEDIARIO,19
HOMEM,30.64386026434299,1.82,INTERMEDIARIO,30
HOMEM,27.527184011993732,1.7,INICIANTE,26
HOMEM,30.397675811976825,1.69,INTERMEDIARIO,49
HOMEM,31.67990896447656,1.73,INICIANTE,49
HOMEM,24.885861748503917,1.77,INICIANTE,53
HOMEM,28.570656684360653,1.92,INTERMEDIARIO,22
HOMEM,22.847401312414988,1.7,INICIANTE,48
HOMEM,19.749817762992627,1.76,AVANCADO,40
HOMEM,25.63401759354278,1.73,INICIANTE,23
HOMEM,31.06243672002077,1.85,INTERMEDIARIO,22
HOMEM,24.724087278870158,1.88,INICIANTE,33
HOMEM,22.060841353305165,1.86,AVANCADO,29
HOMEM,32.38879664853066,1.87,INTERMEDIARIO,43
HOMEM,31.01841466956201,1.88,INTERMEDIARIO,48
HOMEM,25.24069146628038,1.75,INTERMEDIARIO,35
HOMEM,23.008123071948344,1.71,AVANCADO,38
HOMEM,20.77658753921242,1.9,INICIANTE,56
HOMEM,19.118735227470616,1.73,INTERMEDIARIO,42
HOMEM,22.560629071915088,1.72,INTERMEDIARIO,20
HOMEM,26.09286715632703,1.7,INICIANTE,37
HOMEM,29.86723036095217,1.7,INTERMEDIARIO,20
HOMEM,29.44245802950532,1.82,INTERMEDIARIO,19
HOMEM,21.241401806608945,1.88,INICIANTE,42
HOMEM,29.577844939782924,1.84,INICIANTE,38
HOMEM,23.62034618371061,1.79,INTERMEDIARIO,22
HOMEM,29.52121592510436,1.81,INICIANTE,35
HOMEM,22.723315773962412,1.68,INICIANTE,29
HOMEM,26.20767552642338,1.91,INICIANTE,44
HOMEM,23.647750331483074,1.91,INTERMEDIARIO,51
HOMEM,32.8621704424102,1.77,INICIANTE,44
HOMEM,24.380759433490994,1.84,INICIANTE,36
HOMEM,26.353610021223197,1.86,INTERMEDIARIO,60
HOMEM,31.57604640029364,1.85,INICIANTE,25
HOMEM,27.669123358331866,1.92,INICIANTE,49
HOMEM,25.055256090526818,1.69,INTERMEDIARIO,59
HOMEM,19.169006518184492,1.77,INTERMEDIARIO,44
HOMEM,31.297187714616882,1.88,AVANCADO,47
HOMEM,28.916289287746896,1.67,AVANCADO,35
HOMEM,31.602964895304275,1.72,INICIANTE,27
HOMEM,27.897843138843047,1.74,INTERMEDIARIO,42
HOMEM,24.48045574529742,1.83,INTERMEDIARIO,33
HOMEM,29.03250000673637,1.7,AVANCADO,55
HOMEM,22.061023556881487,1.92,INTERMEDIARIO,27
HOMEM,27.362977889565258,1.72,AVANCADO,25
HOMEM,30.980888640288,1.73,INTERMEDIARIO,19
HOMEM,23.06630995314184,1.75,INTERMEDIARIO,46
HOMEM,25.93425081179232,1.85,INTERMEDIARIO,25
HOMEM,26.055733998782376,1.82,INICIANTE,34
HOMEM,20.2153282544751,1.77,INICIANTE,58
HOMEM,25.106502897666832,1.81,INICIANTE,24
HOMEM,30.90085876714248,1.86,INICIANTE,28
HOMEM,19.5752520149019,1.72,INICIANTE,37
HOMEM,16.1768870882725,1.67,INICIANTE,31
HOMEM,25.93153977122975,1.93,INICIANTE,45
HOMEM,23.732553523780087,1.72,INTERMEDIARIO,38
HOMEM,28.542219785871218,1.7,INICIANTE,35
HOMEM,20.526470554693102,1.81,INTERMEDIARIO,45
HOMEM,26.80442802906806,1.8,AVANCADO,39
HOMEM,24.69592086853931,1.89,AVANCADO,37
HOMEM,32.45832066853693,1.76,INICIANTE,59
HOMEM,26.559752051696613,1.88,INTERMEDIARIO,60
HOMEM,26.973261771617032,1.67,INICIANTE,36
HOMEM,30.420389765845307,1.85,INTERMEDIARIO,27
HOMEM,31.88208157306276,1.84,INTERMEDIARIO,51
HOMEM,22.714908652691182,1.91,INICIANTE,20
HOMEM,26.063242522276695,1.91,AVANCADO,54
HOMEM,32.64522869668599,1.76,INICIANTE,41
HOMEM,23.24008525445675,1.83,INTERMEDIARIO,29
HOMEM,30.38033123484031,1.84,INTERMEDIARIO,23
HOMEM,31.794883357416975,1.86,INICIANTE,60
HOMEM,30.01354255294382,1.81,AVANCADO,44
HOMEM,24.26628263250491,1.89,INTERMEDIARIO,49
HOMEM,23.523484868510234,1.78,INTERMEDIARIO,37
HOMEM,31.478988443088607,1.82,AVANCADO,22
HOMEM,25.48935907108456,1.91,INICIANTE,31
HOMEM,28.005020073878697,1.92,INICIANTE,50
HOMEM,32.818788625778815,1.76,INTERMEDIARIO,56
HOMEM,22.05001144379905,1.7,INTERMEDIARIO,49
HOMEM,27.860585425013795,1.8,INTERMEDIARIO,44
HOMEM,19.43330638861019,1.85,INICIANTE,60
HOMEM,26.097830134518855,1.86,AVANCADO,51
HOMEM,27.289061735428067,1.93,INTERMEDIARIO,44
HOMEM,30.74241946791569,1.72,INICIANTE,27
HOMEM,22.069258012442432,1.92,AVANCADO,47
HOMEM,32.074464211061624,1.69,INTERMEDIARIO,50
HOMEM,26.2568439349211,1.9,AVANCADO,40
HOMEM,31.49962168471835,1.78,INTERMEDIARIO,39
HOMEM,19.71972553432628,1.69,INICIANTE,38
HOMEM,24.402914372755202,1.86,INICIANTE,33
HOMEM,28.513830515237622,1.83,INTERMEDIARIO,41
HOMEM,28.667679642790247,1.89,INICIANTE,25
HOMEM,30.133347112134665,1.67,INTERMEDIARIO,56
HOMEM,24.19454582356752,1.75,INTERMEDIARIO,28
HOMEM,22.23758642015564,1.86,INTERMEDIARIO,22
HOMEM,30.89464522125888,1.88,INTERMEDIARIO,42
HOMEM,31.260074874287337,1.79,AVANCADO,46
HOMEM,19.843938434649747,1.84,INTERMEDIARIO,41
HOMEM,30.568709202742895,1.88,INTERMEDIARIO,43
HOMEM,29.0518147713476,1.91,AVANCADO,21
HOMEM,27.187458302563268,1.93,AVANCADO,36
HOMEM,31.39354569486797,1.78,INTERMEDIARIO,51
HOMEM,27.322800256961514,1.76,INTERMEDIARIO,55
HOMEM,28.36838503347532,1.83,INTERMEDIARIO,30
HOMEM,20.502047347572034,1.69,AVANCADO,35
HOMEM,20.937071886823187,1.84,INTERMEDIARIO,33
HOMEM,23.695741282956803,1.87,AVANCADO,41
HOMEM,32.01865097959102,1.7,INICIANTE,34
HOMEM,28.879130214626823,1.88,INICIANTE,42
HOMEM,34.1193366005098,1.67,INICIANTE,60
HOMEM,23.31589285004366,1.73,INICIANTE,31
HOMEM,24.939055574596132,1.93,INICIANTE,19
HOMEM,28.341272235558986,1.93,INICIANTE,42
HOMEM,23.67613190199306,1.69,INICIANTE,57
HOMEM,25.37205658561416,1.71,INICIANTE,50
HOMEM,19.666912016138784,1.79,INICIANTE,29
HOMEM,32.621333659860525,1.7,INTERMEDIARIO,53
HOMEM,22.151846038211005,1.67,INICIANTE,53
HOMEM,21.184042570599715,1.85,INICIANTE,43
HOMEM,19.706322030527044,1.9,AVANCADO,46
HOMEM,25.839583646636843,1.8,INTERMEDIARIO,45
HOMEM,22.844351764906197,1.85,INICIANTE,58
HOMEM,21.680976482096813,1.72,INTERMEDIARIO,25
HOMEM,22.712884967418724,1.85,AVANCADO,58
HOMEM,31.61693419481541,1.9,INICIANTE,26
HOMEM,21.13937888486254,1.72,INICIANTE,39
HOMEM,28.79972055623576,1.67,INTERMEDIARIO,43
HOMEM,28.703454583279395,1.92,INTERMEDIARIO,42
HOMEM,20.15250295375687,1.75,INICIANTE,51
HOMEM,29.362924898134036,1.86,AVANCADO,34
HOMEM,30.186515045646814,1.69,INTERMEDIARIO,44
HOMEM,32.484434694383864,1.68,INTERMEDIARIO,40
HOMEM,29.58301730460801,1.84,INICIANTE,48
HOMEM,23.493219372385745,1.8,INTERMEDIARIO,45
HOMEM,24.572103245841433,1.93,AVANCADO,25
HOMEM,32.18199960003551,1.69,INTERMEDIARIO,33
HOMEM,19.66629304989955,1.89,INTERMEDIARIO,22
HOMEM,28.69641014353485,1.68,AVANCADO,23
HOMEM,23.26560429732638,1.9,AVANCADO,47
HOMEM,31.867201274993707,1.81,INTERMEDIARIO,20
HOMEM,31.711018057863683,1.69,INTERMEDIARIO,33
HOMEM,23.88608573054361,1.82,INICIANTE,41
HOMEM,24.63395659623658,1.78,INICIANTE,26
HOMEM,25.6641845993131,1.77,AVANCADO,60
HOMEM,20.583702460235866,1.92,INTERMEDIARIO,51
HOMEM,27.807988661729297,1.82,INTERMEDIARIO,33
HOMEM,21.69312154563862,1.79,INICIANTE,36
HOMEM,21.647548613419367,1.8,INICIANTE,60
HOMEM,19.828820231429113,1.91,INICIANTE,30
HOMEM,25.08243511139928,1.75,AVANCADO,30
HOMEM,29.062486570494514,1.76,INICIANTE,58
HOMEM,24.637001002932873,1.82,INTERMEDIARIO,50
HOMEM,22.5500478325736,1.78,INICIANTE,59
HOMEM,27.03177728696274,1.74,INTERMEDIARIO,30
HOMEM,28.370443672910213,1.85,INICIANTE,38
HOMEM,30.05020855655344,1.67,INICIANTE,55
HOMEM,29.421828024322267,1.74,INICIANTE,47
HOMEM,28.781543118854714,1.79,INICIANTE,54
HOMEM,24.10817195895693,1.81,INTERMEDIARIO,46
HOMEM,19.21018011435143,1.92,INTERMEDIARIO,49
HOMEM,29.489576990472937,1.86,AVANCADO,42
HOMEM,28.064113105883703,1.76,AVANCADO,26
HOMEM,27.92896812512947,1.92,INTERMEDIARIO,43
HOMEM,32.98212950141026,1.86,INICIANTE,20
HOMEM,26.280822249451752,1.87,AVANCADO,36
HOMEM,20.34044807074649,1.88,INTERMEDIARIO,22
HOMEM,24.218470164086625,1.92,INTERMEDIARIO,49
HOMEM,28.96473651193133,1.67,INICIANTE,75
HOMEM,32.7946478986792,1.84,INTERMEDIARIO,51
HOMEM,23.18911192058425,1.87,INTERMEDIARIO,38
HOMEM,25.303533293352846,1.82,INTERMEDIARIO,52
HOMEM,23.774605318882735,1.68,INTERMEDIARIO,38
HOMEM,26.93621255004208,1.83,INTERMEDIARIO,26
HOMEM,26.531648260775807,1.79,INTERMEDIARIO,45
HOMEM,19.48454128877665,1.9,AVANCADO,36
HOMEM,31.747669246072068,1.81,INTERMEDIARIO,21
HOMEM,28.08198722076655,1.85,INICIANTE,41
HOMEM,20.994560981329123,1.72,INTERMEDIARIO,23
HOMEM,30.475624579351205,1.73,AVANCADO,52
HOMEM,20.966275303019692,1.85,INTERMEDIARIO,19
HOMEM,30.536270702560763,1.67,INICIANTE,28
HOMEM,21.403564934300917,1.71,INTERMEDIARIO,49
HOMEM,23.969792940132272,1.85,INICIANTE,60
HOMEM,22.996149950197328,1.71,INTERMEDIARIO,31
HOMEM,23.486629703217954,1.68,AVANCADO,32
HOMEM,23.52145751205654,1.79,INTERMEDIARIO,41
HOMEM,25.223565016761736,1.72,INTERMEDIARIO,42
HOMEM,24.161358068312325,1.78,INICIANTE,26
HOMEM,32.37918236647063,1.79,INICIANTE,41
HOMEM,25.87322403347584,1.67,INICIANTE,45
HOMEM,24.336071219952593,1.85,INICIANTE,20
HOMEM,19.85609342705472,1.81,INTERMEDIARIO,55
HOMEM,23.706970299404116,1.84,INTERMEDIARIO,38
HOMEM,26.184933251903622,1.81,INICIANTE,27
HOMEM,27.4425812202989,1.84,INICIANTE,23
HOMEM,30.35219239330966,1.7,AVANCADO,30
HOMEM,32.48023578019232,1.93,INTERMEDIARIO,21
HOMEM,19.503530656184033,1.68,AVANCADO,30
HOMEM,22.558724041065762,1.85,INTERMEDIARIO,60
HOMEM,29.79651417704602,1.79,AVANCADO,36
HOMEM,22.754375714978554,1.93,INICIANTE,53
HOMEM,25.89817062012628,1.77,INTERMEDIARIO,52
HOMEM,31.390489048818033,1.84,INTERMEDIARIO,49
HOMEM,28.955954925246093,1.73,INICIANTE,31
HOMEM,30.573976412876,1.71,AVANCADO,60
HOMEM,23.025310917811943,1.8,INICIANTE,33
HOMEM,26.263287962309278,1.9,INTERMEDIARIO,19
HOMEM,27.00591301667848,1.71,INICIANTE,30
HOMEM,24.35036694702436,1.88,INTERMEDIARIO,24
HOMEM,19.058277043937856,1.71,INTERMEDIARIO,50
HOMEM,23.6753678592571,1.69,AVANCADO,59
HOMEM,21.288111245328036,1.7,INTERMEDIARIO,24
HOMEM,32.24025541453224,1.84,AVANCADO,32
HOMEM,29.179736550456106,1.86,INTERMEDIARIO,35
HOMEM,20.016515083764595,1.82,INICIANTE,56
HOMEM,21.176857720790476,1.84,INICIANTE,55
HOMEM,21.707378307811286,1.89,AVANCADO,46
HOMEM,22.31811256466341,1.88,INICIANTE,34
HOMEM,27.661886518803517,1.83,INICIANTE,60
HOMEM,27.778318549970432,1.81,INICIANTE,37
HOMEM,26.72235260232592,1.73,INICIANTE,57
HOMEM,28.885771672250645,1.82,INICIANTE,42
HOMEM,21.307517866536504,1.91,INICIANTE,29
HOMEM,30.825149943074518,1.76,INTERMEDIARIO,30
HOMEM,20.980216415471318,1.71,INTERMEDIARIO,48
HOMEM,21.668820112380615,1.83,INICIANTE,50
HOMEM,25.503772943773868,1.88,INTERMEDIARIO,49
HOMEM,20.873366480632313,1.91,INICIANTE,19
HOMEM,30.31308612662832,1.69,INTERMEDIARIO,49
HOMEM,29.841314219146323,1.91,INICIANTE,31
HOMEM,24.15580325083065,1.69,INICIANTE,23
HOMEM,31.90156828795447,1.67,INICIANTE,25
HOMEM,31.15402870786359,1.7,INTERMEDIARIO,36
HOMEM,27.907619952687323,1.77,INTERMEDIARIO,58
HOMEM,23.51496988480936,1.82,INICIANTE,58
HOMEM,21.029737968573098,1.78,INICIANTE,30
HOMEM,31.122581458681402,1.83,INTERMEDIARIO,39
HOMEM,29.95170356314045,1.82,INTERMEDIARIO,56
HOMEM,23.53512467220498,1.81,AVANCADO,46
HOMEM,24.01837420274231,1.81,INICIANTE,51
HOMEM,20.591626024217796,1.9,AVANCADO,46
HOMEM,26.844412740320294,1.88,INTERMEDIARIO,47
HOMEM,24.990268706220323,1.8,INTERMEDIARIO,56
HOMEM,26.169561535652715,1.72,INTERMEDIARIO,25
HOMEM,28.867876540324534,1.74,INICIANTE,59
HOMEM,23.36820011852643,1.84,INTERMEDIARIO,48
HOMEM,21.142692586747483,1.73,INICIANTE,38
HOMEM,22.136931745420693,1.71,INTERMEDIARIO,35
HOMEM,30.811468530425717,1.72,AVANCADO,40
HOMEM,20.48547236478827,1.68,INICIANTE,20
HOMEM,29.79919323479475,1.86,INICIANTE,41
HOMEM,24.641034576733208,1.9,INTERMEDIARIO,41
HOMEM,31.97095517416618,1.67,INICIANTE,55
HOMEM,23.31743143145472,1.78,INICIANTE,45
HOMEM,22.249423130768776,1.87,INICIANTE,32
HOMEM,19.000421073716137,1.73,INTERMEDIARIO,49
HOMEM,29.301778426796062,1.68,AVANCADO,30
HOMEM,19.62645415963903,1.7,AVANCADO,28
HOMEM,27.406792696124363,1.8,INTERMEDIARIO,47
HOMEM,30.040575117768295,1.85,INICIANTE,20
HOMEM,32.94349386732435,1.88,AVANCADO,51
HOMEM,29.671291595355516,1.77,INICIANTE,58
HOMEM,26.461556023678604,1.75,INTERMEDIARIO,28
HOMEM,28.898817472282857,1.73,AVANCADO,45
HOMEM,29.2533390957005,1.73,INTERMEDIARIO,21
HOMEM,20.597731184380173,1.9,INICIANTE,52
HOMEM,22.12554322690435,1.81,INICIANTE,32
HOMEM,22.93493266913574,1.79,INTERMEDIARIO,30
HOMEM,22.729246364810752,1.75,INICIANTE,31
HOMEM,30.05688041229881,1.92,INTERMEDIARIO,43
HOMEM,24.59422842325988,1.85,AVANCADO,60
HOMEM,19.353467838435126,1.89,AVANCADO,46
HOMEM,24.499998882238515,1.83,AVANCADO,59
HOMEM,29.095277866459178,1.67,INICIANTE,45
HOMEM,20.701435919734223,1.71,INICIANTE,29
HOMEM,19.284096832710734,1.78,INTERMEDIARIO,60
HOMEM,26.706256774703082,1.68,INTERMEDIARIO,27
HOMEM,22.884596574304492,1.83,INTERMEDIARIO,59
HOMEM,30.102420690320063,1.77,INTERMEDIARIO,25
HOMEM,27.67830332271645,1.91,INTERMEDIARIO,58
HOMEM,26.64563007443947,1.78,INTERMEDIARIO,36
HOMEM,28.311621397039772,1.93,INICIANTE,54
HOMEM,31.802940725247073,1.79,AVANCADO,27
HOMEM,24.663231635664207,1.67,INTERMEDIARIO,27
HOMEM,31.30056486928864,2.08,INTERMEDIARIO,26
HOMEM,21.843452755694553,1.69,INICIANTE,56
HOMEM,25.51390278533444,1.71,INICIANTE,52
HOMEM,30.10276863701436,1.86,INTERMEDIARIO,58
HOMEM,21.883700797024304,1.88,AVANCADO,33
HOMEM,31.746171667734068,1.9,INICIANTE,48
HOMEM,31.275967140350396,1.85,INTERMEDIARIO,26
HOMEM,32.60747492614426,1.73,INICIANTE,47
HOMEM,24.977268613087606,1.69,INTERMEDIARIO,28
HOMEM,22.268925720976174,1.81,INTERMEDIARIO,33
HOMEM,24.36021296306268,1.71,INTERMEDIARIO,56
HOMEM,27.25185670215972,1.75,INICIANTE,53
HOMEM,23.40942052132395,1.76,INTERMEDIARIO,40
HOMEM,19.635665897695826,1.91,INTERMEDIARIO,48
HOMEM,28.668497845051718,1.91,INTERMEDIARIO,48
HOMEM,27.132768460432793,1.81,AVANCADO,26
HOMEM,25.477237304607495,1.87,INTERMEDIARIO,23
HOMEM,26.844448320782107,1.89,INTERMEDIARIO,43
HOMEM,29.044918738509985,1.9,INTERMEDIARIO,47
HOMEM,20.714198205037142,1.88,INTERMEDIARIO,29
HOMEM,31.963591588460588,1.77,INICIANTE,23
HOMEM,25.700977931026,1.69,INICIANTE,24
HOMEM,32.71464744019314,1.71,INICIANTE,45
HOMEM,23.597139295259094,1.73,AVANCADO,58
HOMEM,31.688189419827168,1.7,AVANCADO,57
HOMEM,20.445730244644107,1.85,INTERMEDIARIO,44
HOMEM,32.99139381103402,1.89,INTERMEDIARIO,47
HOMEM,31.25516946773852,1.67,AVANCADO,50
HOMEM,21.937636644220746,1.67,INICIANTE,43
HOMEM,31.31529374649611,1.78,INTERMEDIARIO,56
HOMEM,20.50347873656851,1.79,INICIANTE,34
HOMEM,31.80674447497754,1.71,AVANCADO,23
HOMEM,28.519739958838898,1.67,INTERMEDIARIO,39
HOMEM,25.1308790423519,1.74,INTERMEDIARIO,23
HOMEM,25.498503393494413,1.81,INTERMEDIARIO,37
HOMEM,21.77603275091098,1.78,INICIANTE,41
HOMEM,22.42188997919447,1.78,INTERMEDIARIO,22
HOMEM,25.594321825003185,1.8,INICIANTE,30
HOMEM,27.353670689522318,1.69,INICIANTE,39
HOMEM,21.835906643995873,1.93,INTERMEDIARIO,59
HOMEM,21.398826720271686,1.71,INTERMEDIARIO,38
HOMEM,23.883374997143886,1.77,AVANCADO,32
HOMEM,20.03948500456145,1.9,INTERMEDIARIO,31
HOMEM,20.97875354298532,1.83,INICIANTE,20
HOMEM,19.2686710957184,1.78,AVANCADO,40
HOMEM,20.17324975484844,1.88,INTERMEDIARIO,31
HOMEM,30.333596451443398,1.83,AVANCADO,54
HOMEM,32.793671667903,1.92,INTERMEDIARIO,30
HOMEM,19.280239802062983,1.84,INICIANTE,38
HOMEM,32.04456307387092,1.77,INICIANTE,50
HOMEM,25.658195815412824,1.71,INTERMEDIARIO,57
HOMEM,31.914969703811025,1.86,INTERMEDIARIO,33
HOMEM,26.58426113927148,1.87,INTERMEDIARIO,28
HOMEM,23.24229270300602,1.84,INTERMEDIARIO,34
HOMEM,20.088379627372298,1.92,INTERMEDIARIO,19
HOMEM,31.403530957059985,1.69,INICIANTE,21
HOMEM,27.62679556053705,1.76,INICIANTE,34
HOMEM,19.11684505760489,1.71,INTERMEDIARIO,37
HOMEM,30.947309377828855,1.9,INICIANTE,20
HOMEM,27.087420707859973,1.74,INICIANTE,48
HOMEM,27.278385018360044,1.71,INICIANTE,52
HOMEM,32.564562455697676,1.71,INTERMEDIARIO,26
HOMEM,21.874888059737927,1.81,INTERMEDIARIO,21
HOMEM,19.284666098628527,1.85,INTERMEDIARIO,44
HOMEM,20.54455910445843,1.71,INICIANTE,32
HOMEM,31.7208118255141,1.77,AVANCADO,40
HOMEM,25.53538656560387,1.79,INTERMEDIARIO,49
HOMEM,29.04776589371433,1.92,INICIANTE,46
HOMEM,24.960712093411125,1.73,INTERMEDIARIO,22
HOMEM,24.99276613552379,1.67,INTERMEDIARIO,48
HOMEM,25.394894321344218,1.87,AVANCADO,21
HOMEM,26.790425477910613,1.72,INTERMEDIARIO,45
HOMEM,31.26826911424517,1.93,INICIANTE,40
HOMEM,24.96777611488594,1.9,AVANCADO,27
HOMEM,24.41671091489427,1.89,INICIANTE,49
HOMEM,23.794735419068154,1.68,AVANCADO,60
HOMEM,23.28724624653732,1.89,INICIANTE,57
HOMEM,19.25495842126486,1.92,INTERMEDIARIO,36
HOMEM,22.370927569321452,1.67,AVANCADO,50
HOMEM,31.342009253222617,1.87,INICIANTE,53
HOMEM,27.228113034598387,1.86,INTERMEDIARIO,45
HOMEM,28.189040735865124,1.81,INICIANTE,22
HOMEM,32.73741043186861,1.86,INTERMEDIARIO,54
HOMEM,19.335265525161375,1.92,INTERMEDIARIO,31
HOMEM,29.441602580921373,1.91,AVANCADO,23
HOMEM,28.72672432194882,1.8,INICIANTE,34
HOMEM,26.61263297995872,1.84,INTERMEDIARIO,35
HOMEM,28.529322248596003,1.73,AVANCADO,25
HOMEM,21.395259560116898,1.83,INTERMEDIARIO,36
HOMEM,30.059576252689357,1.88,INTERMEDIARIO,38
HOMEM,20.134300799785667,1.9,INTERMEDIARIO,39
HOMEM,27.400876834040318,1.75,AVANCADO,47
HOMEM,32.06440968292415,1.83,INICIANTE,44
HOMEM,21.09101494942816,1.91,AVANCADO,33
HOMEM,27.726473146549385,1.67,INTERMEDIARIO,49
HOMEM,26.97279528249827,1.7,AVANCADO,20
HOMEM,27.496775892855275,1.84,AVANCADO,42
HOMEM,19.985468634945025,1.85,INTERMEDIARIO,39
HOMEM,25.058131129862275,1.8,AVANCADO,33
HOMEM,24.125482611051375,1.75,INTERMEDIARIO,55
HOMEM,31.48901359846289,1.81,INICIANTE,19
HOMEM,22.12508672674195,1.67,INTERMEDIARIO,37
HOMEM,24.79713409353976,1.9,INICIANTE,29
HOMEM,21.976280049837836,1.91,INICIANTE,50
HOMEM,25.59712088222119,1.89,INICIANTE,42
HOMEM,22.643582682930255,1.93,AVANCADO,45
HOMEM,29.991652152514767,1.76,INICIANTE,38
HOMEM,24.260390949917543,1.68,INTERMEDIARIO,45
HOMEM,24.784433794347663,1.72,AVANCADO,23
HOMEM,30.714735006864935,1.89,AVANCADO,29
HOMEM,25.382374927543598,1.7,INICIANTE,46
HOMEM,25.386722035711127,1.91,INTERMEDIARIO,21
HOMEM,21.358052175818965,1.7,INICIANTE,50
HOMEM,23.494640039851742,1.91,INICIANTE,45
HOMEM,28.094181162794516,1.75,INICIANTE,25
HOMEM,26.56469787340794,1.72,INTERMEDIARIO,42
HOMEM,31.52721238502497,1.72,INICIANTE,24
HOMEM,25.455018502724666,1.78,INTERMEDIARIO,54
HOMEM,25.20131952923127,1.68,INICIANTE,40
HOMEM,27.96854258120984,1.67,AVANCADO,32
HOMEM,27.24079531954369,1.7,INICIANTE,50
HOMEM,23.747470345377845,1.8,INICIANTE,49
HOMEM,25.212393937760503,1.82,INTERMEDIARIO,38
HOMEM,19.54709185967173,1.77,INTERMEDIARIO,26
HOMEM,24.593918819981443,1.73,INTERMEDIARIO,19
HOMEM,31.521511290836322,1.86,AVANCADO,50
HOMEM,27.194769102880407,1.87,INTERMEDIARIO,34
HOMEM,24.77686789459674,1.75,INICIANTE,40
HOMEM,27.550565724623358,1.72,INICIANTE,42
HOMEM,29.786918474608417,1.84,INTERMEDIARIO,50
HOMEM,28.075761472976936,1.78,INTERMEDIARIO,33
HOMEM,22.308471041550508,1.81,INTERMEDIARIO,23
HOMEM,30.37607862395732,1.69,INTERMEDIARIO,38
HOMEM,24.95285094064126,1.81,INICIANTE,57
HOMEM,26.667427429860165,1.91,INICIANTE,45
HOMEM,29.46990848967673,1.89,INTERMEDIARIO,53
HOMEM,29.4314457353231,1.76,INTERMEDIARIO,33
HOMEM,27.146966646228098,1.91,INICIANTE,39
HOMEM,26.660417691981905,1.72,INICIANTE,54
HOMEM,22.84119873486312,1.71,INTERMEDIARIO,30
HOMEM,22.676574798810044,1.87,INICIANTE,44
HOMEM,23.105254012551843,1.91,INICIANTE,45
HOMEM,25.718765391700863,1.75,AVANCADO,51
HOMEM,20.492926439070803,1.91,INICIANTE,38
HOMEM,29.19372870226692,1.68,INICIANTE,58
HOMEM,26.478578079171587,1.71,INTERMEDIARIO,49
HOMEM,19.623169726627808,1.82,INICIANTE,22
HOMEM,31.15275431094239,1.91,INICIANTE,36
HOMEM,19.717928922708655,1.7,INICIANTE,47
HOMEM,30.96008058600995,1.67,INTERMEDIARIO,23
HOMEM,31.80194945519789,1.9,INICIANTE,22
HOMEM,26.565745225554565,1.93,AVANCADO,41
HOMEM,19.695445993948685,1.77,AVANCADO,52
HOMEM,22.562151929884788,1.79,INTERMEDIARIO,19
HOMEM,30.176628509233186,1.77,INTERMEDIARIO,52
HOMEM,22.429141478074303,1.82,INICIANTE,22
HOMEM,28.202107793059778,1.82,INTERMEDIARIO,41
HOMEM,20.990629341332504,1.83,INICIANTE,20
HOMEM,27.044401438024504,1.54,INICIANTE,21
HOMEM,31.004016330959814,1.68,AVANCADO,30
HOMEM,26.276073379159,1.7,INICIANTE,35
HOMEM,31.661369780082275,1.75,AVANCADO,44
HOMEM,31.969749576211132,1.84,INICIANTE,42
HOMEM,26.947795999298993,1.9,INTERMEDIARIO,27
HOMEM,29.54028818154029,1.74,INTERMEDIARIO,59
HOMEM,19.78821309009889,1.67,AVANCADO,23
HOMEM,29.64009663015009,1.89,INTERMEDIARIO,56
HOMEM,30.477206477273192,1.7,INTERMEDIARIO,29
HOMEM,28.047495878354148,1.71,INTERMEDIARIO,44
HOMEM,26.291430852013196,1.7,AVANCADO,23
HOMEM,19.191066272897164,1.82,INICIANTE,53
HOMEM,28.477113047320117,1.85,INICIANTE,40
HOMEM,32.31458955379873,1.83,INICIANTE,43
HOMEM,32.618841844336366,1.88,INICIANTE,56
HOMEM,20.99002445721909,1.84,AVANCADO,60
HOMEM,32.347686639170455,1.72,INTERMEDIARIO,32
HOMEM,25.153348738891623,1.8,INICIANTE,49
HOMEM,24.951032270738093,1.93,INICIANTE,60
HOMEM,32.41298019869029,1.82,AVANCADO,19
HOMEM,23.373294660985955,1.78,INICIANTE,56
HOMEM,30.784941899840003,1.78,INICIANTE,23
HOMEM,29.07045893359494,1.86,INTERMEDIARIO,27
HOMEM,32.960963724986485,1.86,INICIANTE,48
HOMEM,27.28325882312478,1.82,AVANCADO,42
HOMEM,27.76047828396747,1.76,INICIANTE,53
HOMEM,31.424663844333807,1.92,AVANCADO,26
HOMEM,20.45538414252573,1.89,INICIANTE,58
HOMEM,20.93967954635578,1.8,INICIANTE,59
HOMEM,29.258977502891078,1.8,INTERMEDIARIO,59
HOMEM,19.26602840537682,1.91,INTERMEDIARIO,38
HOMEM,31.35402723529814,1.67,AVANCADO,41
HOMEM,31.747069749185336,1.83,INICIANTE,48
HOMEM,32.358308065314965,1.78,INTERMEDIARIO,49
HOMEM,25.26811703763829,1.73,INICIANTE,30
HOMEM,19.903609412099442,1.78,INICIANTE,29
HOMEM,22.440078125615333,1.78,INICIANTE,48
HOMEM,21.613895860854665,1.78,INICIANTE,37
HOMEM,21.242691184436165,1.73,INTERMEDIARIO,30
HOMEM,23.805832879096073,1.9,INICIANTE,56
HOMEM,29.38801733342796,1.93,AVANCADO,50
HOMEM,20.87057791904349,1.91,INTERMEDIARIO,60
HOMEM,27.6757262968234,1.72,INTERMEDIARIO,51
HOMEM,32.3522116845274,1.92,AVANCADO,49
HOMEM,19.349099636131058,1.83,INICIANTE,56
HOMEM,30.02727808055615,1.74,AVANCADO,31
HOMEM,31.651898011398682,1.78,INTERMEDIARIO,37
HOMEM,20.605649732906592,1.69,INICIANTE,27
HOMEM,25.526201363438922,1.9,INTERMEDIARIO,35
HOMEM,20.7610617676453,1.87,INTERMEDIARIO,43
HOMEM,31.392648716604732,1.9,INICIANTE,32
HOMEM,20.265038274564716,1.75,AVANCADO,56
HOMEM,28.848422750951705,1.89,INTERMEDIARIO,30
HOMEM,32.77257313922042,1.83,AVANCADO,48
HOMEM,22.718126626124644,1.71,INICIANTE,46
HOMEM,22.61835531139537,1.85,AVANCADO,42
HOMEM,19.24728297257472,1.76,INTERMEDIARIO,37
HOMEM,19.63890310081914,1.91,INICIANTE,24
HOMEM,23.36785698975697,1.69,INTERMEDIARIO,22
HOMEM,32.363481251205805,1.85,INICIANTE,35
HOMEM,27.280346376522246,1.75,INTERMEDIARIO,36
HOMEM,25.846730425300333,1.93,INTERMEDIARIO,38
HOMEM,27.159243660113123,1.93,INTERMEDIARIO,50
HOMEM,28.22907437853348,1.93,INICIANTE,23
HOMEM,21.517213040881504,1.81,INTERMEDIARIO,55
HOMEM,26.72868761248274,1.82,AVANCADO,43
HOMEM,29.60890442872803,1.88,INICIANTE,35
HOMEM,30.32647046470339,1.72,INTERMEDIARIO,51
HOMEM,19.671748609516023,1.91,INICIANTE,40
HOMEM,29.866239129732783,1.89,INICIANTE,27
HOMEM,28.930189667409582,1.71,INTERMEDIARIO,40
HOMEM,30.496490226346538,1.79,INICIANTE,20
HOMEM,32.4601971401406,1.9,AVANCADO,55
HOMEM,19.64044851147618,1.75,INTERMEDIARIO,36
HOMEM,26.89517436743238,1.91,INICIANTE,30
HOMEM,24.374085518281845,1.78,INTERMEDIARIO,58
HOMEM,32.49066533168787,1.84,INTERMEDIARIO,60
HOMEM,20.364916382905406,1.78,INTERMEDIARIO,46
HOMEM,26.27576155127619,1.76,INTERMEDIARIO,48
HOMEM,20.686347051820054,1.91,INTERMEDIARIO,37
HOMEM,31.7246346910367,1.78,INTERMEDIARIO,59
HOMEM,26.192677833516072,1.85,INTERMEDIARIO,26
HOMEM,21.656850661561204,1.87,INICIANTE,41
HOMEM,25.26315584103255,1.77,AVANCADO,58
HOMEM,19.631736760228872,1.88,INTERMEDIARIO,28
HOMEM,32.81568832922888,1.86,INTERMEDIARIO,42
HOMEM,19.299105932729635,1.68,INTERMEDIARIO,38
HOMEM,20.49325527264783,1.87,INICIANTE,23
HOMEM,27.988287808940658,1.87,INICIANTE,49
HOMEM,25.344410282848642,1.85,INTERMEDIARIO,19
HOMEM,21.216273692152587,1.74,AVANCADO,32
HOMEM,19.70160117544137,1.78,INTERMEDIARIO,35
HOMEM,23.246334293637844,1.85,INICIANTE,29
HOMEM,20.940794004700273,1.92,AVANCADO,59
HOMEM,27.320146345761607,1.85,INTERMEDIARIO,52
HOMEM,29.84397952539267,1.67,AVANCADO,34
HOMEM,20.713379804130813,1.82,INTERMEDIARIO,22
HOMEM,32.997297434322256,1.91,AVANCADO,34
HOMEM,20.76662025278602,1.92,INTERMEDIARIO,38
HOMEM,21.547563151786303,1.87,INICIANTE,31
HOMEM,32.97305811845169,1.93,INICIANTE,56
HOMEM,20.33373234094021,1.74,INICIANTE,53
HOMEM,31.413050805030192,1.78,INTERMEDIARIO,43
HOMEM,19.93370236962678,1.87,INTERMEDIARIO,48
HOMEM,19.766486939523833,1.84,INTERMEDIARIO,21
HOMEM,22.397449026221068,1.79,INICIANTE,19
HOMEM,21.51664110726729,1.9,INTERMEDIARIO,43
HOMEM,23.681879442211063,1.77,INTERMEDIARIO,30
HOMEM,32.27033199649159,1.71,INTERMEDIARIO,33
HOMEM,30.23887664539529,1.73,INICIANTE,27
HOMEM,28.826599647422995,1.73,INTERMEDIARIO,33
HOMEM,31.328402212839258,1.74,AVANCADO,47
HOMEM,29.657152877813804,1.73,INICIANTE,26
HOMEM,27.739406477152613,1.72,INICIANTE,32
HOMEM,21.777950505421252,1.86,AVANCADO,54
HOMEM,26.29063466038255,1.81,INTERMEDIARIO,56
HOMEM,27.912247936064805,1.7,INTERMEDIARIO,60
HOMEM,22.616971918123966,1.9,INICIANTE,46
HOMEM,31.179815147962792,1.77,AVANCADO,49
HOMEM,22.87248794796831,1.87,INTERMEDIARIO,58
HOMEM,28.59018297079988,1.7,INICIANTE,22
HOMEM,24.85657472232041,1.81,INTERMEDIARIO,53
HOMEM,22.708861892435568,1.87,INTERMEDIARIO,39
HOMEM,30.570436696082474,1.93,INTERMEDIARIO,45
HOMEM,23.95259691935925,1.93,INTERMEDIARIO,46
HOMEM,29.76520868571386,1.71,INICIANTE,19
HOMEM,23.826986161163713,1.79,AVANCADO,52
HOMEM,26.820088759292688,1.85,AVANCADO,45
HOMEM,23.35506964714071,1.79,INTERMEDIARIO,40
HOMEM,23.047175509386,1.72,INICIANTE,24
HOMEM,22.479881361409827,1.75,INTERMEDIARIO,34
HOMEM,26.1802084469003,1.72,INICIANTE,36
HOMEM,31.64826355682295,1.71,AVANCADO,21
HOMEM,26.389842295768204,1.84,INTERMEDIARIO,25
HOMEM,19.208039528162868,1.69,INICIANTE,36
HOMEM,24.301851209774952,1.69,INICIANTE,33
HOMEM,27.678359211522228,1.68,INTERMEDIARIO,60
HOMEM,25.816841370316723,1.86,INTERMEDIARIO,52
HOMEM,27.609465110290945,1.81,INTERMEDIARIO,52
HOMEM,26.51754990493711,1.75,INICIANTE,31
HOMEM,27.79733213822925,1.93,INTERMEDIARIO,38
HOMEM,24.845915364941025,1.82,INTERMEDIARIO,59
HOMEM,27.446501100672993,1.85,INICIANTE,50
HOMEM,20.34566198004876,1.71,INTERMEDIARIO,49
HOMEM,28.373557421565796,1.73,AVANCADO,47
HOMEM,21.48079584369216,1.71,INICIANTE,44
HOMEM,29.943303146793156,1.74,INTERMEDIARIO,32
HOMEM,26.923499196975765,1.85,INTERMEDIARIO,31
HOMEM,25.753455749622216,1.85,INICIANTE,36
HOMEM,29.62014464592023,1.74,INICIANTE,32
HOMEM,31.948090689328858,1.7,INTERMEDIARIO,54
HOMEM,30.274705587804302,1.83,INICIANTE,49
HOMEM,32.048451489071645,1.86,INTERMEDIARIO,46
HOMEM,23.75493978080751,1.69,INICIANTE,38
HOMEM,27.186690189833335,1.9,INICIANTE,39
HOMEM,29.72684565704956,1.9,INTERMEDIARIO,54
HOMEM,24.438732731845423,1.71,INICIANTE,53
HOMEM,25.628152621741048,1.71,INICIANTE,47
HOMEM,19.767287697019402,1.85,INICIANTE,39
HOMEM,22.10996530584601,1.71,INTERMEDIARIO,23
HOMEM,24.66718294103073,1.83,INTERMEDIARIO,29
HOMEM,22.379623340468516,1.78,INTERMEDIARIO,27
HOMEM,21.880749732755742,1.9,INTERMEDIARIO,24
HOMEM,20.466965334838484,1.78,INTERMEDIARIO,23
HOMEM,24.67672420897377,1.68,INTERMEDIARIO,56
HOMEM,25.105582160368396,1.87,INTERMEDIARIO,33
HOMEM,28.006464830297862,1.86,INICIANTE,47
HOMEM,29.193778997675075,1.7,INTERMEDIARIO,43
HOMEM,21.2643273179686,1.87,INTERMEDIARIO,29
HOMEM,19.71239826007654,1.73,AVANCADO,49
HOMEM,26.260622591604758,1.81,INICIANTE,39
HOMEM,20.477365680830953,1.76,INICIANTE,24
HOMEM,19.904682918132924,1.87,INTERMEDIARIO,31
HOMEM,22.93212801218045,1.76,INTERMEDIARIO,20
HOMEM,21.256178643937087,1.7,INTERMEDIARIO,21
HOMEM,20.249906819654328,1.93,INICIANTE,24
HOMEM,21.366689422321997,1.89,INICIANTE,25
HOMEM,26.59394552988332,1.68,INTERMEDIARIO,25
HOMEM,29.40687792626995,1.87,INICIANTE,47
HOMEM,32.62738392193313,1.82,INTERMEDIARIO,22
HOMEM,21.81286177127904,1.74,AVANCADO,29
HOMEM,32.03387659289989,1.75,AVANCADO,44
HOMEM,30.232634530092096,1.78,INTERMEDIARIO,45
HOMEM,19.48730533410631,1.84,AVANCADO,52
HOMEM,31.89423571570139,1.93,INICIANTE,48
HOMEM,24.832115924075996,1.69,INTERMEDIARIO,53
HOMEM,31.931810005030652,1.88,INICIANTE,55
HOMEM,30.28160654912179,1.7,INTERMEDIARIO,23
HOMEM,27.219754897553337,1.86,AVANCADO,42
HOMEM,31.63899251640609,1.8,AVANCADO,42
HOMEM,22.869454115436337,1.92,INTERMEDIARIO,22
HOMEM,24.069313819517212,1.8,INICIANTE,32
HOMEM,27.262321798466186,1.85,INTERMEDIARIO,45
HOMEM,29.091644701550837,1.72,INICIANTE,23
HOMEM,32.12190777048576,1.87,INICIANTE,32
HOMEM,20.65718550775072,1.73,INTERMEDIARIO,29
HOMEM,27.09625942016608,1.74,INICIANTE,40
HOMEM,24.032557163329187,1.8,AVANCADO,35
HOMEM,24.45662458111372,1.73,INICIANTE,55
HOMEM,25.289276821772827,1.76,INTERMEDIARIO,38
HOMEM,25.337422533154264,1.91,INICIANTE,46
HOMEM,24.054767852441923,1.89,INICIANTE,39
HOMEM,30.679651508179642,1.7,AVANCADO,44
HOMEM,30.629139451319514,1.84,AVANCADO,27
HOMEM,20.02911878424052,1.87,INTERMEDIARIO,58
HOMEM,24.822048264133045,1.88,AVANCADO,55
HOMEM,28.29695545891902,1.84,INTERMEDIARIO,25
HOMEM,25.14442631066764,1.78,INTERMEDIARIO,37
HOMEM,19.58661622496087,1.9,INTERMEDIARIO,23
HOMEM,21.590250863737893,1.68,INTERMEDIARIO,37
HOMEM,20.56148243216846,1.76,INTERMEDIARIO,37
HOMEM,23.0107084509,1.87,AVANCADO,27
HOMEM,23.311769379942216,1.7,INTERMEDIARIO,23
HOMEM,20.388579297741565,1.75,INICIANTE,46
HOMEM,26.589136724826286,1.87,INTERMEDIARIO,56
HOMEM,24.143818052191328,1.78,INICIANTE,33
HOMEM,20.440401386557973,1.71,INICIANTE,19
HOMEM,26.37878349739643,1.67,INTERMEDIARIO,50
HOMEM,21.1253681444383,1.79,INICIANTE,21
HOMEM,30.735378717197644,1.76,INTERMEDIARIO,38
HOMEM,30.211497565047594,1.87,INTERMEDIARIO,47
HOMEM,28.097284761068675,1.9,INTERMEDIARIO,48
HOMEM,21.505077221857242,1.69,AVANCADO,42
HOMEM,23.614664554014837,1.83,INTERMEDIARIO,22
HOMEM,28.247615693779778,1.72,INTERMEDIARIO,20
HOMEM,25.52513897973008,1.74,INTERMEDIARIO,40
HOMEM,20.94029084628844,1.76,INICIANTE,58
HOMEM,21.614902725596163,1.71,INICIANTE,22
HOMEM,31.452551072831376,1.76,INICIANTE,43
HOMEM,25.405631583519774,1.73,INTERMEDIARIO,22
HOMEM,32.28150070884749,1.92,INTERMEDIARIO,51
HOMEM,20.000705263802224,1.77,INICIANTE,31
HOMEM,25.72048496322618,1.84,INTERMEDIARIO,27
HOMEM,30.65467419281263,1.93,INTERMEDIARIO,36
HOMEM,23.595287854360503,1.88,INICIANTE,48
HOMEM,21.266583865135598,1.83,INICIANTE,56
HOMEM,30.559178089342463,1.71,INICIANTE,27
HOMEM,20.066083608696754,1.89,INICIANTE,40
HOMEM,22.46816498196053,1.72,INTERMEDIARIO,21
HOMEM,25.98580043216423,1.9,INICIANTE,25
HOMEM,24.43988328342908,1.91,INICIANTE,35
HOMEM,30.323005126422952,1.7,INICIANTE,56
HOMEM,32.350890963083046,1.67,INTERMEDIARIO,52
HOMEM,25.031119095754782,1.86,INICIANTE,47
HOMEM,20.751222547753937,1.81,INTERMEDIARIO,42
HOMEM,22.599153413220552,1.86,INTERMEDIARIO,39
HOMEM,24.646659249407875,1.91,INICIANTE,21
HOMEM,20.777353365547327,1.9,INICIANTE,27
HOMEM,25.800462849880542,1.67,INTERMEDIARIO,50
HOMEM,21.893071698108105,1.81,INTERMEDIARIO,35
HOMEM,28.483200721422875,1.75,INTERMEDIARIO,50
HOMEM,31.88703589630976,1.81,INICIANTE,59
HOMEM,32.6808352427721,1.85,INICIANTE,30
HOMEM,25.933474244038813,1.74,INICIANTE,60
HOMEM,31.81779822681582,1.74,AVANCADO,58
HOMEM,31.55787488627866,1.84,INTERMEDIARIO,60
HOMEM,24.518038118477886,1.76,INICIANTE,30
HOMEM,26.384224675160773,1.68,INTERMEDIARIO,21
HOMEM,24.536059272445808,1.74,INICIANTE,56
HOMEM,29.806747933890332,1.69,INICIANTE,35
HOMEM,24.293306165789385,1.76,INTERMEDIARIO,37
HOMEM,23.46408653474026,1.87,INTERMEDIARIO,31
HOMEM,28.949764883069946,1.72,INTERMEDIARIO,29
HOMEM,29.672913780932486,1.71,INICIANTE,30
HOMEM,24.468014848033263,1.67,AVANCADO,56
HOMEM,30.562079172636068,1.69,INTERMEDIARIO,55
HOMEM,25.226738036137814,1.87,AVANCADO,57
HOMEM,29.01057800435041,1.87,INTERMEDIARIO,51
HOMEM,32.26856156961029,1.72,INTERMEDIARIO,33
HOMEM,20.338876471249556,1.67,AVANCADO,19
HOMEM,29.77983072731816,1.68,AVANCADO,49
HOMEM,24.643849956078668,1.84,AVANCADO,44
HOMEM,28.730873198994683,1.82,INICIANTE,32
HOMEM,26.562714331078237,1.72,AVANCADO,41
HOMEM,20.14242369311961,1.7,INTERMEDIARIO,43
HOMEM,30.05983336729522,1.83,INICIANTE,35
HOMEM,28.009486439343757,1.83,AVANCADO,59
HOMEM,27.35107792457977,1.76,INTERMEDIARIO,22
HOMEM,27.990721358274506,1.82,INTERMEDIARIO,39
HOMEM,21.603290738961093,1.71,INICIANTE,38
HOMEM,22.90158560776212,1.83,INICIANTE,33
HOMEM,23.947422207297446,1.72,INTERMEDIARIO,47
HOMEM,25.587999294188332,1.8,INTERMEDIARIO,50
HOMEM,31.826503771224573,1.67,AVANCADO,32
HOMEM,22.701650660552463,1.71,AVANCADO,31
HOMEM,27.14655681979052,1.9,INTERMEDIARIO,57
HOMEM,23.07080421253014,1.7,INTERMEDIARIO,59
HOMEM,21.368213557882235,1.69,INICIANTE,25
HOMEM,27.839391589988644,1.9,INTERMEDIARIO,39
HOMEM,28.71596050334434,1.93,INICIANTE,47
HOMEM,30.21400275954739,1.69,INTERMEDIARIO,23
HOMEM,23.367666333073895,1.93,AVANCADO,24
HOMEM,27.513001584435564,1.7,INICIANTE,47
HOMEM,23.897696220021814,1.82,INTERMEDIARIO,55
HOMEM,29.5986413606619,1.75,INICIANTE,45
HOMEM,22.320582679917422,1.77,AVANCADO,45
HOMEM,23.982477300692615,1.88,INICIANTE,19
HOMEM,25.604603781460504,1.85,INICIANTE,57
HOMEM,31.77206230596876,1.8,INTERMEDIARIO,34
HOMEM,31.565063144502638,1.68,INTERMEDIARIO,60
HOMEM,25.58563007165704,1.8,INICIANTE,57
HOMEM,26.184605769310057,1.87,INICIANTE,38
HOMEM,24.525523428265508,1.77,INICIANTE,33
HOMEM,26.22667404661046,1.82,INICIANTE,45
HOMEM,26.296818431302455,1.87,AVANCADO,57
HOMEM,22.239435451133296,1.8,AVANCADO,40
HOMEM,30.794556724297344,1.88,AVANCADO,46
HOMEM,24.545054802844867,1.92,INICIANTE,34
HOMEM,28.508313158203368,1.79,INTERMEDIARIO,35
HOMEM,19.524085669647395,1.71,INICIANTE,59
HOMEM,32.14656230559607,1.9,INICIANTE,38
HOMEM,30.644315797084545,1.92,INTERMEDIARIO,53
HOMEM,29.02942376243941,1.82,INTERMEDIARIO,41
HOMEM,27.52257733127067,1.89,INICIANTE,57
HOMEM,31.30941456407948,1.91,AVANCADO,24
HOMEM,21.608411214091745,1.71,INTERMEDIARIO,19
HOMEM,19.12225140152366,1.88,INTERMEDIARIO,23
HOMEM,20.797096402623662,1.82,INTERMEDIARIO,26
HOMEM,27.907793646652333,1.8,INTERMEDIARIO,59
HOMEM,23.183115483059545,1.84,INICIANTE,44
HOMEM,22.86058785803067,1.79,INICIANTE,28
HOMEM,27.93081559580849,1.82,INICIANTE,23
HOMEM,19.77287609741253,1.91,AVANCADO,31
HOMEM,19.794701020436253,1.9,INTERMEDIARIO,38
HOMEM,23.50459161828851,1.86,INICIANTE,20
HOMEM,27.71972423954077,1.71,INTERMEDIARIO,46
HOMEM,22.811789570104605,1.75,INICIANTE,30
HOMEM,31.049674131006903,1.88,INICIANTE,22
HOMEM,23.6262135667931,1.85,INTERMEDIARIO,44
HOMEM,26.325245835325248,1.73,INTERMEDIARIO,59
HOMEM,21.27784166211956,1.7,INTERMEDIARIO,50
HOMEM,26.172831484721915,1.84,AVANCADO,32
HOMEM,19.07737181068351,1.71,INICIANTE,40
HOMEM,32.94689619463974,1.7,AVANCADO,35
HOMEM,28.42813121737754,1.85,INICIANTE,21
HOMEM,24.743869571703105,1.74,AVANCADO,21
HOMEM,23.889467949103576,1.71,INTERMEDIARIO,31
HOMEM,29.60925472891337,1.86,INICIANTE,21
HOMEM,30.57295616648663,1.79,INTERMEDIARIO,31
HOMEM,27.878036884424038,1.69,INICIANTE,59
HOMEM,20.726300268962067,1.89,INICIANTE,29
HOMEM,27.63678608533412,1.83,INTERMEDIARIO,50
HOMEM,31.731100432629784,1.89,AVANCADO,44
HOMEM,24.815051724592422,1.89,AVANCADO,26
HOMEM,29.540559774450006,1.93,INICIANTE,19
HOMEM,27.34369803756571,1.87,INTERMEDIARIO,49
HOMEM,28.104291071196158,1.87,INICIANTE,39
HOMEM,31.742243031685913,1.88,INTERMEDIARIO,53
HOMEM,31.98396515177108,1.73,AVANCADO,35
HOMEM,23.412831580533556,1.89,INICIANTE,34
HOMEM,24.043642542874,1.89,INICIANTE,60
HOMEM,27.565071221657035,1.71,INTERMEDIARIO,34
HOMEM,20.157971001035815,1.71,AVANCADO,54
HOMEM,23.585679917153367,1.85,INICIANTE,49
HOMEM,22.073115409975006,1.73,INICIANTE,31
HOMEM,20.721457396313447,1.83,INICIANTE,50
HOMEM,21.650470638473088,1.93,INICIANTE,56
HOMEM,29.989742041033054,1.91,INTERMEDIARIO,60
HOMEM,24.780372928168045,1.85,INICIANTE,58
HOMEM,21.967156791982728,1.87,AVANCADO,51
HOMEM,25.535947991475762,1.91,AVANCADO,47
HOMEM,24.05320222067119,1.81,INTERMEDIARIO,20
HOMEM,24.220244560190604,1.81,INTERMEDIARIO,36
HOMEM,22.874985417683966,1.91,AVANCADO,48
HOMEM,27.664452516596974,1.84,AVANCADO,29
HOMEM,22.8560136915204,1.8,INICIANTE,45
HOMEM,30.92049581728861,1.86,AVANCADO,53
HOMEM,20.183354834832823,1.85,INTERMEDIARIO,37
HOMEM,30.4607287247163,1.93,AVANCADO,22
HOMEM,29.78948549227569,1.93,INTERMEDIARIO,60
HOMEM,23.983983946949603,1.69,INICIANTE,41
HOMEM,19.12566290275405,1.85,INICIANTE,57
HOMEM,30.228120604089874,1.93,INICIANTE,21
HOMEM,32.5964483131334,1.69,INTERMEDIARIO,26
HOMEM,28.94652195303084,1.86,INICIANTE,27
MULHER,27.89387845076022,1.74,AVANCADO,53
MULHER,25.141536718780344,1.66,INTERMEDIARIO,35
MULHER,28.51258799864135,1.66,INTERMEDIARIO,54
MULHER,30.259223432729467,1.78,INTERMEDIARIO,40
MULHER,28.741896377189942,1.68,INTERMEDIARIO,49
MULHER,31.8709975293461,1.65,AVANCADO,19
MULHER,23.07415814936565,1.71,INTERMEDIARIO,40
MULHER,27.823855215554968,1.8,INTERMEDIARIO,24
MULHER,30.503460470903338,1.6,INTERMEDIARIO,38
MULHER,29.439420302631504,1.74,AVANCADO,43
MULHER,31.93277149388152,1.58,INTERMEDIARIO,23
MULHER,27.594635733227225,1.76,INTERMEDIARIO,47
MULHER,24.590926161583365,1.77,INTERMEDIARIO,28
MULHER,23.332496604468975,1.8,INICIANTE,32
MULHER,23.830329544735893,1.77,INTERMEDIARIO,27
MULHER,28.88556127828917,1.65,INICIANTE,54
MULHER,31.811016522378537,1.76,INTERMEDIARIO,35
MULHER,19.5157088017459,1.81,INTERMEDIARIO,40
MULHER,24.976946788557292,1.61,INTERMEDIARIO,55
MULHER,23.371197181721705,1.65,INICIANTE,21
MULHER,31.924477483563116,1.79,INICIANTE,28
MULHER,27.75268523101701,1.56,INICIANTE,21
MULHER,25.975058912849818,1.75,INICIANTE,47
MULHER,26.68364041911124,1.56,INICIANTE,36
MULHER,31.05530241384745,1.58,INTERMEDIARIO,36
MULHER,32.628200136146205,1.73,INTERMEDIARIO,29
MULHER,22.73437104936892,1.72,INTERMEDIARIO,43
MULHER,19.916392275413227,1.76,INTERMEDIARIO,49
MULHER,20.12408099816307,1.75,INICIANTE,59
MULHER,31.54880709722069,1.62,INICIANTE,23
MULHER,19.622181075955087,1.61,INICIANTE,25
MULHER,19.73328367786132,1.65,AVANCADO,28
MULHER,22.639588437733412,1.68,AVANCADO,58
MULHER,19.604406698683214,1.74,INTERMEDIARIO,24
MULHER,24.864193562586195,1.65,INTERMEDIARIO,52
MULHER,22.864319368172875,1.82,INTERMEDIARIO,26
MULHER,31.89861329567803,1.66,INTERMEDIARIO,23
MULHER,23.81824023278372,1.66,INICIANTE,50
MULHER,21.857842077611643,1.55,INICIANTE,28
MULHER,27.491652990819148,1.76,INTERMEDIARIO,32
MULHER,29.489728722034332,1.66,AVANCADO,36
MULHER,27.68678853918706,1.64,INTERMEDIARIO,25
MULHER,22.868340844135613,1.75,AVANCADO,32
MULHER,26.100424266761095,1.59,INICIANTE,58
MULHER,20.128258250195998,1.78,AVANCADO,51
MULHER,28.849213752476647,1.73,INICIANTE,50
MULHER,20.927392967483556,1.61,INTERMEDIARIO,60
MULHER,31.713746966464413,1.7,INTERMEDIARIO,52
MULHER,25.738321314202185,1.63,INTERMEDIARIO,47
MULHER,18.3644507014075,1.55,AVANCADO,44
MULHER,26.725829200662904,1.59,INICIANTE,46
MULHER,25.60421240699807,1.64,INICIANTE,29
MULHER,27.86391723322276,1.59,INTERMEDIARIO,38
MULHER,28.46816391747751,1.59,INICIANTE,22
MULHER,20.120144332451115,1.56,INTERMEDIARIO,42
MULHER,30.924858232108768,1.6,INICIANTE,29
MULHER,23.86182417440289,1.66,INICIANTE,43
MULHER,30.932534943923933,1.68,INTERMEDIARIO,50
MULHER,21.822183186273346,1.81,INICIANTE,44
MULHER,27.748204486999427,1.8,AVANCADO,29
MULHER,20.440557220766877,1.68,AVANCADO,39
MULHER,25.08092482669733,1.75,INTERMEDIARIO,39
MULHER,21.846771573130496,1.56,AVANCADO,35
MULHER,27.881492226717587,1.67,INTERMEDIARIO,27
MULHER,19.590982621882997,1.66,INTERMEDIARIO,48
MULHER,32.21630583903306,1.71,INTERMEDIARIO,47
MULHER,20.740549459318363,1.77,INTERMEDIARIO,34
MULHER,28.936632947724746,1.76,INTERMEDIARIO,49
MULHER,26.184636164428092,1.74,INTERMEDIARIO,58
MULHER,29.164244349461963,1.61,AVANCADO,21
MULHER,23.26037996395025,1.73,INICIANTE,51
MULHER,24.54615133880841,1.66,AVANCADO,33
MULHER,26.71795165595997,1.79,AVANCADO,54
MULHER,31.856592078366553,1.69,INTERMEDIARIO,44
MULHER,19.676516597108467,1.62,INTERMEDIARIO,24
MULHER,25.116945648126574,1.77,INTERMEDIARIO,45
MULHER,28.39961730177324,1.67,INTERMEDIARIO,51
MULHER,24.98279079648018,1.78,AVANCADO,40
MULHER,27.953260773676313,1.73,AVANCADO,53
MULHER,23.127852699649,1.72,INTERMEDIARIO,19
MULHER,26.980780095715335,1.59,INTERMEDIARIO,37
MULHER,19.467657915937405,1.69,INICIANTE,50
MULHER,23.354769765210676,1.62,INTERMEDIARIO,45
MULHER,27.357487608851876,1.82,AVANCADO,25
MULHER,29.11172215339463,1.81,INTERMEDIARIO,53
MULHER,31.00678169190628,1.79,INTERMEDIARIO,28
MULHER,19.039916696924998,1.7,INICIANTE,28
MULHER,32.652462911663235,1.67,AVANCADO,24
MULHER,23.659529817066414,1.71,INICIANTE,29
MULHER,22.95470086935903,1.67,AVANCADO,19
MULHER,22.735012356833263,1.79,INTERMEDIARIO,29
MULHER,20.325055198640285,1.8,INTERMEDIARIO,50
MULHER,19.73962088181829,1.78,INTERMEDIARIO,49
MULHER,20.36439988935852,1.57,INICIANTE,23
MULHER,22.696609985782786,1.58,INTERMEDIARIO,57
MULHER,32.615646991425045,1.57,INICIANTE,60
MULHER,26.111403140659835,1.73,INTERMEDIARIO,57
MULHER,26.102865279996543,1.81,INICIANTE,37
MULHER,23.46474158740374,1.61,AVANCADO,45
MULHER,20.813637101730887,1.8,INTERMEDIARIO,59
MULHER,31.892279048940516,1.55,AVANCADO,48
MULHER,29.31506031115204,1.8,AVANCADO,33
MULHER,25.85964765099857,1.79,INICIANTE,36
MULHER,26.627641925175045,1.59,INTERMEDIARIO,39
MULHER,25.10073802725526,1.55,AVANCADO,43
MULHER,24.27206341209086,1.69,INTERMEDIARIO,37
MULHER,19.016794315865592,1.63,INTERMEDIARIO,48
MULHER,25.534445595421598,1.59,INTERMEDIARIO,50
MULHER,30.98921159395565,1.66,AVANCADO,47
MULHER,32.4176718586212,1.74,INICIANTE,41
MULHER,31.674144050512442,1.62,INTERMEDIARIO,56
MULHER,32.919164113225946,1.78,INTERMEDIARIO,58
MULHER,32.5308291626932,1.71,AVANCADO,33
MULHER,28.390605339454414,1.59,INTERMEDIARIO,19
MULHER,23.566149172247474,1.77,INICIANTE,29
MULHER,23.870583995654663,1.69,INICIANTE,56
MULHER,22.19081720866077,1.71,INTERMEDIARIO,19
MULHER,25.799287522628426,1.66,INICIANTE,40
MULHER,20.37471517448535,1.78,AVANCADO,23
MULHER,21.82819629111087,1.61,INTERMEDIARIO,30
MULHER,31.067141182254176,1.59,AVANCADO,29
MULHER,32.97733553713157,1.65,INTERMEDIARIO,58
MULHER,24.959689108730636,1.79,INTERMEDIARIO,26
MULHER,32.744132394283916,1.78,INTERMEDIARIO,27
MULHER,23.95879463136679,1.58,AVANCADO,50
MULHER,32.70608793145107,1.64,INTERMEDIARIO,27
MULHER,31.500287390933618,1.74,INTERMEDIARIO,52
MULHER,23.50127798950109,1.64,INTERMEDIARIO,35
MULHER,31.68743333279126,1.79,INTERMEDIARIO,23
MULHER,27.285647098920663,1.55,INTERMEDIARIO,37
MULHER,27.792025011420144,1.7,INTERMEDIARIO,47
MULHER,22.663241895153195,1.6,INTERMEDIARIO,24
MULHER,20.763780613083004,1.76,AVANCADO,57
MULHER,21.53623542429078,1.58,INICIANTE,35
MULHER,23.762187967072652,1.6,AVANCADO,24
MULHER,23.442122850096883,1.59,INICIANTE,29
MULHER,19.23437567926144,1.64,INTERMEDIARIO,27
MULHER,25.474034507162415,1.63,INTERMEDIARIO,25
MULHER,20.585671967466823,1.76,INTERMEDIARIO,55
MULHER,31.498597857396547,1.71,INICIANTE,37
MULHER,25.031606742031528,1.73,INTERMEDIARIO,22
MULHER,24.71766238679017,1.63,AVANCADO,58
MULHER,26.39010166954281,1.66,AVANCADO,58
MULHER,28.010667741111504,1.75,INTERMEDIARIO,30
MULHER,21.849855217631156,1.61,INICIANTE,23
MULHER,28.876298520953085,1.82,INICIANTE,33
MULHER,24.313237674296303,1.79,INTERMEDIARIO,27
MULHER,32.890628907791445,1.66,AVANCADO,31
MULHER,24.23812575793484,1.69,INTERMEDIARIO,53
MULHER,32.4889299193088,1.55,INICIANTE,33
MULHER,28.641550958499327,1.79,INICIANTE,50
MULHER,31.062882703935678,1.67,INTERMEDIARIO,21
MULHER,30.221742444029307,1.8,INTERMEDIARIO,43
MULHER,20.63222100578114,1.66,INICIANTE,20
MULHER,20.956770791696922,1.77,INTERMEDIARIO,40
MULHER,23.64171026246195,1.58,INTERMEDIARIO,24
MULHER,24.79674305386362,1.73,INTERMEDIARIO,32
MULHER,28.250361380011654,1.8,INICIANTE,25
MULHER,22.2734563442411,1.61,INTERMEDIARIO,39
MULHER,20.090976677914817,1.6,INICIANTE,34
MULHER,28.646607113140746,1.81,INTERMEDIARIO,43
MULHER,25.28715459676607,1.76,AVANCADO,55
MULHER,22.40099487737839,1.64,INICIANTE,60
MULHER,23.211519271101388,1.57,INICIANTE,30
MULHER,19.60786954567393,1.58,INTERMEDIARIO,34
MULHER,29.78472745655448,1.77,INTERMEDIARIO,48
MULHER,21.984317162246043,1.74,INTERMEDIARIO,44
MULHER,19.944439866326004,1.78,INTERMEDIARIO,53
MULHER,23.644324110395306,1.73,INICIANTE,33
MULHER,27.847065800375795,1.55,INTERMEDIARIO,16
MULHER,26.59148153831033,1.8,INTERMEDIARIO,33
MULHER,24.436607273995747,1.71,INICIANTE,53
MULHER,27.015922771412303,1.79,INICIANTE,59
MULHER,29.180605386988105,1.59,AVANCADO,39
MULHER,31.252594109082672,1.59,INICIANTE,35
MULHER,20.138342073451778,1.67,AVANCADO,20
MULHER,19.79406345518775,1.66,INTERMEDIARIO,25
MULHER,25.054882108466323,1.65,INICIANTE,53
MULHER,30.292965744699714,1.73,AVANCADO,35
MULHER,29.58319397890753,1.67,INTERMEDIARIO,35
MULHER,28.127560205887395,1.68,INICIANTE,20
MULHER,30.40293283914017,1.61,INICIANTE,36
MULHER,28.890112273121645,1.61,INICIANTE,46
MULHER,20.66795237985819,1.82,INTERMEDIARIO,45
MULHER,25.628777943735184,1.75,INICIANTE,55
MULHER,30.927537600702802,1.79,AVANCADO,19
MULHER,24.27949931427019,1.61,INICIANTE,43
MULHER,31.185514051914858,1.75,INTERMEDIARIO,35
MULHER,23.254744275942816,1.65,INICIANTE,51
MULHER,19.876241852659962,1.78,INICIANTE,30
MULHER,20.30608036411228,1.55,INICIANTE,26
MULHER,32.317313712208225,1.69,INTERMEDIARIO,48
MULHER,19.05425331567733,1.65,INICIANTE,54
MULHER,23.77850137280178,1.55,INTERMEDIARIO,46
MULHER,19.71159705293504,1.58,INICIANTE,27
MULHER,22.626615143753728,1.68,INICIANTE,23
MULHER,21.744216260995127,1.77,INTERMEDIARIO,53
MULHER,30.724495875358304,1.61,INTERMEDIARIO,30
MULHER,23.241887460420415,1.6,INICIANTE,31
MULHER,20.413159522346852,1.7,INTERMEDIARIO,46
MULHER,27.35565111461039,1.67,AVANCADO,58
MULHER,26.867529208690307,1.76,INTERMEDIARIO,40
MULHER,27.85297567434786,1.61,INTERMEDIARIO,48
MULHER,28.759745489874767,1.82,INTERMEDIARIO,43
MULHER,24.13789721459666,1.57,INTERMEDIARIO,37
MULHER,24.28208904602875,1.76,INICIANTE,21
MULHER,31.440970646337124,1.82,INTERMEDIARIO,56
MULHER,22.363849434146676,1.58,INTERMEDIARIO,60
MULHER,23.72517344118698,1.58,INTERMEDIARIO,33
MULHER,20.83308120502689,1.62,INICIANTE,45
MULHER,26.791046228960653,1.82,INICIANTE,24
MULHER,25.09829632700299,1.68,INTERMEDIARIO,50
MULHER,19.406995722962545,1.72,INICIANTE,53
MULHER,32.597757493926295,1.79,INICIANTE,32
MULHER,31.75156941476659,1.75,AVANCADO,54
MULHER,20.880528223333897,1.74,INTERMEDIARIO,23
MULHER,28.12276282340707,1.68,INTERMEDIARIO,19
MULHER,23.085585133535314,1.73,INTERMEDIARIO,28
MULHER,25.405477286700908,1.65,INICIANTE,59
MULHER,31.74671455362637,1.62,INTERMEDIARIO,50
MULHER,25.977026286138457,1.59,INTERMEDIARIO,46
MULHER,20.0222308190731,1.65,INTERMEDIARIO,52
MULHER,25.624710988312753,1.72,AVANCADO,32
MULHER,23.243646781090757,1.81,INICIANTE,37
MULHER,20.033044495291172,1.73,INTERMEDIARIO,57
MULHER,28.21555952104211,1.77,INICIANTE,38
MULHER,27.000663438078238,1.55,INICIANTE,53
MULHER,32.5084630819049,1.8,INTERMEDIARIO,30
MULHER,32.896689354976935,1.72,INTERMEDIARIO,51
MULHER,23.285558216943617,1.71,INICIANTE,27
MULHER,29.084911159381907,1.72,INICIANTE,58
MULHER,21.951658416862145,1.81,AVANCADO,55
MULHER,26.970976645085713,1.64,AVANCADO,24
MULHER,31.19989156513846,1.73,INICIANTE,46
MULHER,27.90434589249847,1.76,INICIANTE,25
MULHER,27.642707485956404,1.81,INICIANTE,27
MULHER,32.12696691924825,1.58,INICIANTE,38
MULHER,25.953986436373725,1.69,INTERMEDIARIO,28
MULHER,23.61783119601813,1.75,INTERMEDIARIO,22
MULHER,20.28851419546659,1.69,INICIANTE,53
MULHER,22.53849421896817,1.59,INICIANTE,37
MULHER,23.53871255421592,1.79,INTERMEDIARIO,47
MULHER,20.109902386226324,1.79,INTERMEDIARIO,47
MULHER,28.353653587905814,1.71,AVANCADO,50
MULHER,36.4210538741235,1.55,INICIANTE,36
MULHER,26.103435390194058,1.81,INICIANTE,25
MULHER,30.81668544960794,1.48,AVANCADO,30
MULHER,21.60102185177157,1.62,INICIANTE,30
MULHER,19.81399307042353,1.65,AVANCADO,40
MULHER,25.244083263694154,1.71,INTERMEDIARIO,60
MULHER,19.464698879487386,1.58,INICIANTE,44
MULHER,32.65000579745115,1.78,INICIANTE,58
MULHER,28.667993200320645,1.62,INICIANTE,43
MULHER,30.448291561062756,1.64,INICIANTE,26
MULHER,31.706476507669933,1.63,INTERMEDIARIO,60
MULHER,20.52844283759235,1.62,INICIANTE,38
MULHER,22.322483438747444,1.66,INICIANTE,19
MULHER,32.73100896091822,1.6,AVANCADO,60
MULHER,26.84148140266885,1.65,AVANCADO,35
MULHER,20.490337364601917,1.66,INTERMEDIARIO,58
MULHER,24.493512100832326,1.65,AVANCADO,41
MULHER,25.69697301744604,1.6,INICIANTE,50
MULHER,20.28740455504471,1.72,AVANCADO,38
MULHER,26.37707337543333,1.65,INICIANTE,36
MULHER,28.057012134856603,1.7,INTERMEDIARIO,28
MULHER,22.97549324983191,1.76,INTERMEDIARIO,47
MULHER,32.84601815409451,1.72,INICIANTE,44
MULHER,21.21170309993602,1.78,AVANCADO,46
MULHER,22.48459916741041,1.7,INTERMEDIARIO,55
MULHER,26.894914512537884,1.71,INTERMEDIARIO,23
MULHER,29.21896642523709,1.81,INTERMEDIARIO,40
MULHER,31.74805841620009,1.57,INTERMEDIARIO,54
MULHER,21.092022728258833,1.7,INICIANTE,53
MULHER,28.096019862302107,1.67,INTERMEDIARIO,45
MULHER,32.090519002295316,1.64,AVANCADO,35
MULHER,19.870348761232798,1.8,INTERMEDIARIO,48
MULHER,20.090667771790518,1.7,INICIANTE,38
MULHER,28.35845614879501,1.62,INICIANTE,51
MULHER,23.902000398399437,1.63,INICIANTE,56
MULHER,24.211970086469986,1.63,INICIANTE,21
MULHER,24.243028182029022,1.7,INICIANTE,46
MULHER,19.385645429105818,1.64,INTERMEDIARIO,30
MULHER,30.251261797867755,1.62,INTERMEDIARIO,49
MULHER,26.063404167611075,1.76,INICIANTE,24
MULHER,30.11430641590627,1.71,INTERMEDIARIO,57
MULHER,21.214626968757667,1.59,INICIANTE,53
MULHER,22.997693083099662,1.74,INTERMEDIARIO,41
MULHER,32.986113577299655,1.81,INICIANTE,58
MULHER,21.8236127841177,1.72,INTERMEDIARIO,24
MULHER,28.147501489427484,1.58,INTERMEDIARIO,42
MULHER,28.76042427333809,1.67,AVANCADO,38
MULHER,31.458019120389903,1.76,INTERMEDIARIO,19
MULHER,29.47549258392904,1.58,INICIANTE,45
MULHER,23.329475040849896,1.72,INICIANTE,45
MULHER,32.477418405621506,1.66,INICIANTE,52
MULHER,27.125167593068056,1.55,INTERMEDIARIO,39
MULHER,28.577303903542674,1.57,INTERMEDIARIO,39
MULHER,27.23863663746589,1.76,INICIANTE,22
MULHER,22.90639452602149,1.72,INICIANTE,29
MULHER,29.445211905715414,1.64,INICIANTE,39
MULHER,30.124790628821643,1.75,AVANCADO,37
MULHER,20.3743851541243,1.76,INICIANTE,26
MULHER,28.859956162244526,1.76,INICIANTE,36
MULHER,25.449191166123263,1.61,INTERMEDIARIO,40
MULHER,32.26274650366721,1.79,AVANCADO,21
MULHER,30.462783615750272,1.67,INICIANTE,23
MULHER,32.163505827273035,1.71,INICIANTE,29
MULHER,31.705834550635096,1.57,INTERMEDIARIO,54
MULHER,23.019637992707256,1.81,INICIANTE,55
MULHER,29.47491621484053,1.58,AVANCADO,54
MULHER,25.760397983681557,1.7,INTERMEDIARIO,43
MULHER,29.055355281704063,1.71,INTERMEDIARIO,45
MULHER,30.070997283707356,1.64,INICIANTE,21
MULHER,30.185765504444596,1.57,INICIANTE,43
MULHER,24.132281687218576,1.79,INICIANTE,43
MULHER,21.418628855827773,1.69,INICIANTE,57
MULHER,27.986845706101317,1.72,INTERMEDIARIO,51
MULHER,23.327829273735944,1.58,INICIANTE,31
MULHER,24.26357631491208,1.64,INICIANTE,50
MULHER,28.683457940001094,1.67,AVANCADO,51
MULHER,29.634616879717278,1.66,INICIANTE,38
MULHER,26.431808874456344,1.63,INTERMEDIARIO,46
MULHER,22.200858920294717,1.62,INICIANTE,49
MULHER,31.48893026800092,1.58,INTERMEDIARIO,39
MULHER,26.398155761145684,1.69,AVANCADO,57
MULHER,31.161447766623944,1.88,INTERMEDIARIO,38
MULHER,31.84001976242971,1.68,INICIANTE,40
MULHER,31.75516936403526,1.6,INTERMEDIARIO,38
MULHER,27.012059695344135,1.75,AVANCADO,36
MULHER,24.709055189844335,1.6,AVANCADO,57
MULHER,25.424744711463745,1.81,AVANCADO,52
MULHER,32.35382742668224,1.6,INTERMEDIARIO,45
MULHER,21.387904565988652,1.74,INICIANTE,21
MULHER,31.885884207039368,1.75,AVANCADO,59
MULHER,24.316593250078512,1.77,INTERMEDIARIO,52
MULHER,19.994992116613215,1.73,INTERMEDIARIO,57
MULHER,32.972530588400566,1.75,AVANCADO,36
MULHER,21.81113897431595,1.67,INTERMEDIARIO,48
MULHER,21.006886874142946,1.76,INICIANTE,48
MULHER,22.97810169128151,1.67,AVANCADO,19
MULHER,22.318322255925626,1.8,INICIANTE,35
MULHER,22.504563867522553,1.56,INICIANTE,40
MULHER,21.903092999737467,1.75,INTERMEDIARIO,52
MULHER,20.99992931164449,1.7,INTERMEDIARIO,53
MULHER,32.30129698166679,1.57,INTERMEDIARIO,19
MULHER,26.23151395250639,1.76,INTERMEDIARIO,40
MULHER,28.371326942977596,1.69,AVANCADO,37
MULHER,19.71955875557048,1.67,INICIANTE,56
MULHER,29.334690377437546,1.59,INICIANTE,21
MULHER,19.829314119129805,1.75,INTERMEDIARIO,22
MULHER,27.1527510176041,1.8,INTERMEDIARIO,55
MULHER,28.033097362004167,1.66,INICIANTE,27
MULHER,19.219989318594948,1.79,INICIANTE,32
MULHER,22.7505911855006,1.7,AVANCADO,30
MULHER,25.21416049422292,1.62,INICIANTE,37
MULHER,31.41306388551427,1.79,INICIANTE,57
MULHER,32.44373804703964,1.66,INICIANTE,26
MULHER,32.21121306759692,1.67,INICIANTE,51
MULHER,32.279777073136366,1.73,INTERMEDIARIO,47
MULHER,31.912561845540665,1.56,INTERMEDIARIO,42
MULHER,20.176130656963963,1.55,INICIANTE,75
MULHER,24.468608867647404,1.69,INTERMEDIARIO,43
MULHER,22.330592866335913,1.64,INICIANTE,51
MULHER,29.991893714169105,1.6,AVANCADO,21
MULHER,29.162101064447274,1.71,INICIANTE,26
MULHER,24.61187542950242,1.69,INICIANTE,40
MULHER,25.98196617033748,1.8,INTERMEDIARIO,52
MULHER,26.759720400886113,1.69,AVANCADO,20
MULHER,20.142066862434145,1.59,AVANCADO,51
MULHER,27.33098251256759,1.82,INTERMEDIARIO,41
MULHER,24.807886652417654,1.64,INICIANTE,56
MULHER,20.042994119178587,1.61,INTERMEDIARIO,59
MULHER,23.944329339878376,1.59,INICIANTE,37
MULHER,30.04034567482103,1.72,INTERMEDIARIO,37
MULHER,21.552074456330896,1.8,INTERMEDIARIO,38
MULHER,27.726731356481448,1.79,INTERMEDIARIO,41
MULHER,26.64375589273399,1.67,INTERMEDIARIO,39
MULHER,19.70644539660232,1.8,INICIANTE,53
MULHER,23.239607426740232,1.57,AVANCADO,54
MULHER,32.38084455425578,1.61,INTERMEDIARIO,21
MULHER,25.590419378418154,1.7,INICIANTE,47
MULHER,24.18025489722808,1.81,INTERMEDIARIO,50
MULHER,25.250468228620914,1.61,AVANCADO,29
MULHER,20.097819204282708,1.65,INTERMEDIARIO,49
MULHER,24.024607439810648,1.78,INICIANTE,38
MULHER,25.89005939554381,1.78,INICIANTE,41
MULHER,30.152997438478113,1.56,AVANCADO,27
MULHER,28.921887960533784,1.78,AVANCADO,28
MULHER,29.85358985521258,1.72,INTERMEDIARIO,45
MULHER,21.73760869516383,1.59,INTERMEDIARIO,35
MULHER,28.098379164149176,1.77,INTERMEDIARIO,19
MULHER,20.49678089292653,1.82,INICIANTE,30
MULHER,20.02531691512615,1.58,AVANCADO,19
MULHER,20.693148168049284,1.72,INTERMEDIARIO,23
MULHER,24.92897434610051,1.57,INTERMEDIARIO,32
MULHER,23.796424008677395,1.64,INICIANTE,22
MULHER,19.619592476725984,1.61,INTERMEDIARIO,34
MULHER,20.68859953705923,1.75,INTERMEDIARIO,37
MULHER,28.846309145084525,1.67,INTERMEDIARIO,56
MULHER,24.60722884049318,1.64,INICIANTE,19
MULHER,32.33260175670772,1.7,INTERMEDIARIO,52
MULHER,29.031656866734018,1.61,INICIANTE,37
MULHER,22.510413590306577,1.72,INICIANTE,27
MULHER,26.164984164831203,1.62,INICIANTE,42
MULHER,25.575532439988475,1.67,AVANCADO,24
MULHER,22.71385778382912,1.64,INTERMEDIARIO,45
MULHER,27.828348254218977,1.55,INTERMEDIARIO,25
MULHER,25.199175129833385,1.81,INTERMEDIARIO,44
MULHER,30.726643399151847,1.6,INICIANTE,26
MULHER,28.609387883952703,1.61,INICIANTE,54
MULHER,23.782260282793096,1.68,AVANCADO,37
MULHER,31.56417865199913,1.59,INTERMEDIARIO,34
MULHER,23.48783740074062,1.65,INICIANTE,31
MULHER,24.07817724798902,1.58,INTERMEDIARIO,24
MULHER,25.464333781319,1.74,AVANCADO,31
MULHER,29.662495588364305,1.76,INTERMEDIARIO,29
MULHER,26.9793556653003,1.77,INICIANTE,36
MULHER,29.87004256438956,1.61,AVANCADO,52
MULHER,29.885630384896203,1.57,INTERMEDIARIO,19
MULHER,28.39549251214725,1.59,INTERMEDIARIO,59
MULHER,25.03931963660953,1.65,INICIANTE,21
MULHER,20.88905000143392,1.79,AVANCADO,32
MULHER,19.146750151549778,1.79,INTERMEDIARIO,34
MULHER,20.417121256238154,1.82,INICIANTE,49
MULHER,20.538884052275414,1.67,INTERMEDIARIO,38
MULHER,31.130219521469307,1.58,INTERMEDIARIO,55
MULHER,30.611773470447428,1.74,AVANCADO,25
MULHER,27.895967685487758,1.82,INTERMEDIARIO,26
MULHER,29.46493668158383,1.6,INICIANTE,31
MULHER,28.045591259908306,1.8,INTERMEDIARIO,25
MULHER,19.47436184537784,1.63,AVANCADO,19
MULHER,25.147665495302032,1.74,INICIANTE,28
MULHER,27.090348925328847,1.74,INICIANTE,22
MULHER,28.063234487496736,1.71,AVANCADO,28
MULHER,32.85573477793222,1.74,INTERMEDIARIO,58
MULHER,22.401949335604066,1.69,INTERMEDIARIO,46
MULHER,28.377365937868632,1.74,INICIANTE,49
MULHER,31.494876906025095,1.72,INTERMEDIARIO,58
MULHER,31.372851200576104,1.66,INTERMEDIARIO,59
MULHER,30.846209206976148,1.81,INICIANTE,35
MULHER,31.610637941459853,1.67,INICIANTE,49
MULHER,23.69260291949749,1.7,INTERMEDIARIO,36
MULHER,22.13444753996694,1.6,AVANCADO,45
MULHER,23.488448661439772,1.57,INICIANTE,52
MULHER,22.88620328844081,1.81,INICIANTE,36
MULHER,31.73840938710857,1.72,INICIANTE,32
MULHER,23.99560254745414,1.76,AVANCADO,53
MULHER,23.312971748376704,1.68,INTERMEDIARIO,43
MULHER,26.91712375983651,1.64,INICIANTE,42
MULHER,23.131882463312852,1.75,INICIANTE,31
MULHER,30.283558976807967,1.6,INICIANTE,45
MULHER,32.60545946667384,1.66,INTERMEDIARIO,60
MULHER,21.41670282435405,1.81,INTERMEDIARIO,44
MULHER,22.51353087203102,1.61,INICIANTE,20
MULHER,26.925815265132993,1.68,INICIANTE,59
MULHER,31.831433441672267,1.82,INICIANTE,28
MULHER,31.087185399543056,1.64,INTERMEDIARIO,23
MULHER,29.340144695374406,1.59,INTERMEDIARIO,33
MULHER,29.47795031288842,1.65,INTERMEDIARIO,59
MULHER,29.106442723699914,1.79,INTERMEDIARIO,60
MULHER,31.693975312379226,1.56,INTERMEDIARIO,53
MULHER,30.394745937273047,1.68,AVANCADO,49
MULHER,22.854969427363372,1.8,INICIANTE,49
MULHER,29.721587265581746,1.67,AVANCADO,52
MULHER,30.012224105190235,1.6,INICIANTE,60
MULHER,20.78419505894765,1.58,INICIANTE,51
MULHER,32.56835639261993,1.7,INICIANTE,36
MULHER,23.141877356549028,1.82,AVANCADO,23
MULHER,29.954708247314297,1.59,INICIANTE,41
MULHER,30.560185419918845,1.59,INTERMEDIARIO,32
MULHER,20.32790117434688,1.73,INICIANTE,49
MULHER,22.395014481515236,1.63,INICIANTE,29
MULHER,25.52399613207618,1.63,AVANCADO,22
MULHER,22.401660132638398,1.72,INTERMEDIARIO,31
MULHER,19.308642069683124,1.66,INICIANTE,29
MULHER,22.37350546647113,1.79,INICIANTE,48
MULHER,22.349857375711075,1.71,INTERMEDIARIO,54
MULHER,19.78921551598533,1.57,INTERMEDIARIO,25
MULHER,21.559497375469267,1.55,INTERMEDIARIO,51
MULHER,25.258117098248782,1.68,AVANCADO,57
MULHER,28.84924146761648,1.67,INICIANTE,48
MULHER,21.05222871288695,1.68,INICIANTE,25
MULHER,27.120090050719714,1.65,INTERMEDIARIO,33
MULHER,25.6193899773777,1.67,INICIANTE,27
MULHER,29.323442872859285,1.63,INICIANTE,25
MULHER,32.12257577829317,1.58,AVANCADO,35
MULHER,27.63581322680497,1.62,INICIANTE,29
MULHER,22.271276842346573,1.67,AVANCADO,25
MULHER,23.064576780899618,1.59,INICIANTE,34
MULHER,22.853382434698275,1.66,INTERMEDIARIO,27
MULHER,31.755125594156873,1.71,INICIANTE,21
MULHER,29.3254624630641,1.69,INTERMEDIARIO,25
MULHER,21.698414965280804,1.67,INTERMEDIARIO,40
MULHER,32.20656608725804,1.7,INTERMEDIARIO,39
MULHER,24.593476998974072,1.7,INICIANTE,59
MULHER,26.49558552766053,1.63,AVANCADO,19
MULHER,23.79238241038894,1.63,INICIANTE,59
MULHER,28.65229180973626,1.64,INTERMEDIARIO,48
MULHER,30.600193457987572,1.58,AVANCADO,23
MULHER,19.41165885953095,1.82,INICIANTE,19
MULHER,26.780496606395324,1.65,INICIANTE,50
MULHER,31.04096169354554,1.74,INTERMEDIARIO,60
MULHER,20.32948438625447,1.76,AVANCADO,59
MULHER,30.99454153483657,1.69,INICIANTE,59
MULHER,32.075336831987286,1.55,INICIANTE,32
MULHER,19.189973908634784,1.68,INICIANTE,49
MULHER,32.19174695693791,1.64,INICIANTE,54
MULHER,28.813228859304182,1.76,INICIANTE,58
MULHER,22.15723884341867,1.63,INICIANTE,41
MULHER,26.605885115724053,1.57,INICIANTE,30
MULHER,21.64560588579883,1.82,INTERMEDIARIO,41
MULHER,26.53913615034428,1.56,AVANCADO,28
MULHER,20.84872496797527,1.73,AVANCADO,28
MULHER,26.945219263371843,1.65,INTERMEDIARIO,30
MULHER,26.01254541295692,1.74,INTERMEDIARIO,23
MULHER,22.62098567610691,1.8,INTERMEDIARIO,47
MULHER,24.1471518984251,1.79,INTERMEDIARIO,20
MULHER,27.88369734779983,1.74,INICIANTE,56
MULHER,27.094209281121348,1.57,INICIANTE,23
MULHER,24.35193620774191,1.69,INTERMEDIARIO,34
MULHER,19.510189304789595,1.71,INTERMEDIARIO,27
MULHER,30.653291720798407,1.66,INTERMEDIARIO,58
MULHER,22.19323861798255,1.77,AVANCADO,28
MULHER,30.196033165181692,1.68,AVANCADO,33
MULHER,25.65667821713427,1.62,INTERMEDIARIO,43
MULHER,20.248819559193674,1.75,INICIANTE,53
MULHER,26.417034624964707,1.61,INTERMEDIARIO,39
MULHER,30.707184803992302,1.63,INICIANTE,50
MULHER,19.256380499889186,1.6,INICIANTE,55
MULHER,26.55703229876116,1.63,AVANCADO,28
MULHER,27.39495411784381,1.64,INTERMEDIARIO,46
MULHER,21.026052429013625,1.69,INICIANTE,23
MULHER,23.743571547121093,1.78,INICIANTE,58
MULHER,21.67057429869406,1.68,INICIANTE,57
MULHER,25.74398328247524,1.72,INTERMEDIARIO,19
MULHER,29.512188892159802,1.55,INTERMEDIARIO,56
MULHER,31.45206422556319,1.63,INTERMEDIARIO,30
MULHER,20.143143525054906,1.66,INICIANTE,34
MULHER,29.34234143104011,1.72,AVANCADO,32
MULHER,22.536440372623865,1.68,AVANCADO,38
MULHER,25.509856523442565,1.58,INICIANTE,56
MULHER,23.788479846234672,1.67,INICIANTE,60
MULHER,19.661673375029473,1.81,AVANCADO,47
MULHER,26.779879094369154,1.82,INTERMEDIARIO,48
MULHER,32.63322065811818,1.57,INICIANTE,28
MULHER,22.86414151799837,1.69,AVANCADO,50
MULHER,29.893937014065546,1.6,INICIANTE,55
MULHER,20.3426435588797,1.61,INTERMEDIARIO,47
MULHER,28.168466953561065,1.62,INTERMEDIARIO,22
MULHER,31.406488584553088,1.6,INICIANTE,50
MULHER,28.1094398815082,1.75,INTERMEDIARIO,36
MULHER,30.20251798050427,1.75,INICIANTE,40
MULHER,32.8205904062604,1.72,INTERMEDIARIO,59
MULHER,30.425036420382146,1.58,INTERMEDIARIO,51
MULHER,26.873739851390553,1.82,INICIANTE,35
MULHER,20.092520150207104,1.76,INTERMEDIARIO,28
MULHER,32.53618385294329,1.74,INICIANTE,35
MULHER,25.811151507981513,1.62,INICIANTE,46
MULHER,19.30363098694302,1.62,INTERMEDIARIO,21
MULHER,21.654732737678778,1.63,INTERMEDIARIO,46
MULHER,27.327341605887515,1.62,INICIANTE,60
MULHER,21.742125136507447,1.78,INTERMEDIARIO,49
MULHER,20.564068021494055,1.68,INICIANTE,38
MULHER,30.64731522024561,1.71,INICIANTE,23
MULHER,32.515160721418276,1.67,AVANCADO,33
MULHER,26.5736966083709,1.59,INTERMEDIARIO,33
MULHER,29.301021707277446,1.73,AVANCADO,42
MULHER,27.336728343666962,1.57,INICIANTE,43
MULHER,22.62647090109461,1.57,INTERMEDIARIO,44
MULHER,20.836877203734126,1.73,INTERMEDIARIO,50
MULHER,28.631236076359723,1.8,INICIANTE,41
MULHER,22.601031259092746,1.69,INTERMEDIARIO,24
MULHER,22.04014535268028,1.69,INICIANTE,57
MULHER,29.57187016980308,1.59,INICIANTE,50
MULHER,19.0639871877618,1.78,AVANCADO,25
MULHER,27.956441502515148,1.6,INICIANTE,29
MULHER,31.631440451973017,1.72,INTERMEDIARIO,60
MULHER,32.793477040358994,1.61,AVANCADO,48
MULHER,26.16626741521503,1.57,INTERMEDIARIO,41
MULHER,30.460901370400848,1.81,INICIANTE,41
MULHER,26.791929190948718,1.65,INTERMEDIARIO,28
MULHER,26.235810906724364,1.67,INICIANTE,22
MULHER,23.275158909863663,1.6,INICIANTE,56
MULHER,32.261764447135036,1.76,INTERMEDIARIO,33
MULHER,30.547645878168794,1.57,INTERMEDIARIO,21
MULHER,26.228108359115613,1.82,INTERMEDIARIO,31
MULHER,19.492690394722203,1.8,INTERMEDIARIO,52
MULHER,22.78592826352938,1.69,INTERMEDIARIO,58
MULHER,19.772286092138177,1.82,INICIANTE,46
MULHER,20.62248841722921,1.61,INTERMEDIARIO,43
MULHER,32.844217399906654,1.78,INICIANTE,50
MULHER,32.92254009672864,1.76,INICIANTE,22
MULHER,30.07064562171695,1.7,INTERMEDIARIO,54
MULHER,24.500544573608707,1.81,INTERMEDIARIO,49
MULHER,24.46597313062338,1.65,INTERMEDIARIO,32
MULHER,23.723274922478677,1.79,INICIANTE,21
MULHER,31.476604493212573,1.7,INICIANTE,34
MULHER,24.09532326603112,1.74,INICIANTE,32
MULHER,19.108462271632632,1.59,INICIANTE,25
MULHER,32.49291047632365,1.65,AVANCADO,30
MULHER,27.013545321213908,1.7,INTERMEDIARIO,42
MULHER,23.44479952988674,1.8,AVANCADO,19
MULHER,20.691053273574237,1.56,INTERMEDIARIO,40
MULHER,28.276512311888364,1.6,INTERMEDIARIO,19
MULHER,26.324903772325072,1.64,INICIANTE,19
MULHER,25.384107997161912,1.66,AVANCADO,20
MULHER,20.718048389407528,1.75,INTERMEDIARIO,30
MULHER,29.342453332346803,1.71,INICIANTE,58
MULHER,19.566422814207183,1.81,INICIANTE,31
MULHER,30.368200086818963,1.63,AVANCADO,42
MULHER,21.795176356075,1.6,INICIANTE,30
MULHER,28.229612189813896,1.73,AVANCADO,22
MULHER,21.32556561810866,1.61,INTERMEDIARIO,27
MULHER,30.73725446848785,1.76,INTERMEDIARIO,49
MULHER,22.780289851627817,1.76,INTERMEDIARIO,55
MULHER,22.167660758999585,1.7,INICIANTE,24
MULHER,28.976640337325794,1.74,INICIANTE,31
MULHER,30.91557359585022,1.79,INICIANTE,19
MULHER,31.59998165820933,1.76,INICIANTE,26
MULHER,26.83969625474388,1.7,INICIANTE,40
MULHER,27.225786565944464,1.71,INICIANTE,30
MULHER,21.536153195685177,1.57,INICIANTE,45
MULHER,21.420769965901318,1.79,INICIANTE,31
MULHER,24.42157483744549,1.72,INTERMEDIARIO,24
MULHER,31.09998884555789,1.78,INTERMEDIARIO,46
MULHER,31.92941449015202,1.63,INICIANTE,26
MULHER,27.237552333624286,1.59,AVANCADO,56
MULHER,21.13465118798566,1.69,INICIANTE,41
MULHER,22.706834921074453,1.66,INICIANTE,30
MULHER,23.281628463292904,1.8,INTERMEDIARIO,45
MULHER,24.184650471779907,1.65,INTERMEDIARIO,56
MULHER,22.103302845344274,1.64,INICIANTE,35
MULHER,20.5372395889008,1.63,INICIANTE,32
MULHER,24.113880921248295,1.76,INTERMEDIARIO,55
MULHER,20.902299389406025,1.82,INICIANTE,36
MULHER,25.784133599224297,1.73,AVANCADO,54
MULHER,32.24742743669298,1.71,INICIANTE,55
MULHER,20.379337561957858,1.61,AVANCADO,33
MULHER,25.77123835786422,1.69,AVANCADO,33
MULHER,30.720408763152378,1.76,INTERMEDIARIO,60
MULHER,19.150147219218134,1.6,INTERMEDIARIO,21
MULHER,30.389285948706004,1.7,INTERMEDIARIO,56
MULHER,25.408297694954406,1.67,INTERMEDIARIO,51
MULHER,22.36802328024468,1.67,INICIANTE,19
MULHER,21.37657596569152,1.58,AVANCADO,56
MULHER,21.249356595958588,1.68,INICIANTE,23
MULHER,31.81404107485094,1.82,INICIANTE,58
MULHER,23.147776905630053,1.81,INICIANTE,49
MULHER,24.300856474086086,1.79,INTERMEDIARIO,47
MULHER,24.152147902340708,1.6,INTERMEDIARIO,43
MULHER,20.35050034023355,1.67,INICIANTE,20
